Sample,Actual_Class,SignLoop_10k,SignLoop_Baseline,SignLoop_Model,SignLoop_NoSync,AI4Bharat_LSTM,AI4Bharat_Transformer_Small,AI4Bharat_Transformer_Large
0,47,47,47,47,47,50,200,114
1,78,54,47,70,47,50,200,70
2,0,0,0,0,0,50,200,114
3,27,27,27,27,27,50,200,252
4,70,70,70,70,70,50,70,70
5,70,70,70,70,42,50,200,70
6,62,62,62,62,62,50,200,252
7,13,13,13,13,53,50,70,70
8,28,28,28,28,28,50,200,252
9,31,31,31,31,31,50,112,114
10,3,3,3,3,3,50,200,114
11,12,12,12,12,12,50,70,114
12,42,42,42,42,42,50,70,252
13,45,45,45,45,45,50,200,114
14,61,61,61,61,61,50,70,70
15,35,35,35,35,35,50,200,114
16,40,40,40,40,40,50,112,252
17,69,69,69,69,69,50,70,114
18,5,47,68,32,5,50,200,70
19,0,0,0,0,0,50,70,70
20,69,69,69,69,69,50,70,114
21,4,4,4,4,4,50,169,70
22,1,1,1,1,1,50,70,252
23,17,17,17,18,46,50,200,114
24,1,1,1,1,1,50,70,70
25,48,48,48,48,48,50,200,114
26,13,13,13,13,53,50,70,252
27,57,57,57,57,57,50,112,114
28,6,6,6,32,82,50,200,70
29,67,67,67,67,67,50,112,114
30,80,80,80,80,80,50,70,70
31,80,80,80,80,80,50,200,70
32,74,74,74,74,74,50,200,70
33,12,12,12,12,12,50,70,114
34,77,73,76,76,67,50,200,252
35,79,79,79,79,19,50,112,114
36,3,3,3,3,3,50,200,114
37,75,75,75,75,75,50,200,252
38,23,23,23,23,23,50,200,252
39,56,56,56,56,56,50,112,114
40,5,47,68,67,5,50,200,70
41,12,12,12,12,12,50,70,114
42,49,49,49,49,49,50,200,252
43,52,52,52,52,52,50,70,70
44,72,72,72,72,28,50,200,252
45,5,5,68,47,5,50,200,70
46,49,49,49,49,49,50,200,252
47,33,33,25,33,53,50,200,252
48,49,49,49,49,49,112,70,114
49,12,12,12,12,12,145,70,114
50,38,38,38,38,38,50,70,70
51,71,71,71,15,15,50,200,70
52,26,26,26,26,26,112,70,114
53,7,7,50,7,7,50,200,252
54,46,46,46,46,39,50,70,114
55,48,48,48,48,48,50,200,114
56,81,81,81,81,81,50,70,252
57,67,67,16,67,67,50,200,252
58,69,69,69,69,69,50,70,252
59,42,42,42,42,42,50,70,252
60,66,65,66,66,66,50,112,114
61,39,50,50,50,50,50,200,252
62,61,61,61,61,61,50,217,70
63,74,74,74,74,74,50,200,70
64,69,69,69,69,69,50,70,114
65,11,48,68,71,11,50,200,70
66,49,49,49,49,49,50,200,252
67,1,1,1,1,1,50,70,252
68,80,80,80,80,80,50,200,70
69,11,34,68,25,34,50,200,70
70,59,59,59,59,59,145,70,114
71,3,3,3,3,3,50,200,114
72,52,52,52,52,52,50,257,114
73,70,70,70,70,70,50,200,70
74,43,56,43,43,56,50,200,252
75,80,80,80,80,80,50,70,70
76,21,1,21,21,52,50,70,114
77,19,19,19,19,19,50,70,252
78,80,80,80,80,80,50,70,70
79,57,57,57,57,57,50,200,114
80,16,65,16,16,16,50,112,114
81,28,28,28,28,28,50,200,70
82,58,65,58,58,65,50,70,114
83,81,69,81,81,81,112,70,252
84,77,77,76,77,77,50,200,252
85,52,52,52,52,52,50,70,70
86,48,48,48,48,48,50,200,114
87,47,47,47,47,47,50,200,114
88,4,4,4,4,4,50,112,114
89,77,76,76,76,76,50,200,252
90,44,44,44,44,44,50,200,114
91,23,23,23,23,23,50,200,252
92,16,16,16,16,16,50,112,114
93,25,25,25,25,25,50,112,114
94,45,45,45,45,45,50,112,114
95,68,24,68,68,68,50,70,114
96,67,67,67,67,67,50,200,252
97,53,53,53,24,53,50,200,252
98,23,23,23,23,23,50,70,114
99,64,64,64,64,1,50,200,114
100,62,62,62,62,62,50,200,252
101,51,51,51,51,66,50,200,70
102,59,59,59,59,59,112,70,252
103,21,52,21,21,2,50,200,252
104,61,61,61,61,61,50,70,70
105,2,2,77,2,13,50,200,252
106,54,54,54,54,66,50,200,70
107,1,1,1,1,1,50,70,114
108,72,72,41,72,27,50,200,252
109,13,13,13,13,53,50,200,252
110,73,73,73,73,73,50,112,252
111,40,40,40,40,40,50,200,114
112,81,81,81,27,81,50,200,252
113,58,65,58,58,65,50,70,114
114,62,62,62,62,62,50,200,114
115,20,20,20,32,20,50,200,70
116,46,46,46,46,46,50,70,114
117,14,14,14,14,14,50,200,70
118,44,44,44,44,44,50,200,114
119,81,81,81,81,81,50,112,114
120,53,53,53,25,53,50,200,252
121,4,4,4,4,4,50,70,114
122,79,79,79,79,79,50,112,252
123,0,0,0,0,0,50,70,70
124,67,77,77,67,67,50,200,252
125,79,79,79,79,79,50,112,114
126,61,61,61,61,61,50,217,148
127,64,64,64,64,64,50,200,252
128,62,62,62,62,62,50,200,252
129,44,44,44,44,44,50,200,114
130,75,75,13,32,29,50,200,70
131,71,71,41,32,71,50,200,70
132,37,37,37,37,37,50,200,114
133,0,0,0,0,0,50,112,114
134,20,20,20,20,20,50,200,70
135,28,28,29,28,28,50,200,252
136,2,67,77,67,67,50,200,252
137,68,68,68,68,68,50,112,114
138,78,78,78,78,78,50,70,114
139,66,66,66,66,26,50,112,114
140,35,35,35,35,35,50,112,114
141,26,26,26,26,26,50,200,252
142,66,65,66,66,83,50,112,114
143,50,50,50,50,50,50,200,252
144,76,76,15,15,15,50,200,70
145,10,10,10,10,10,50,200,70
146,27,27,27,69,27,50,70,252
147,78,78,47,78,46,50,200,70
148,72,72,72,72,28,50,200,252
149,63,63,63,63,63,112,200,252
150,77,50,77,77,77,50,200,252
151,47,47,47,47,47,50,200,114
152,19,19,19,19,19,50,70,70
153,23,23,23,23,23,50,70,252
154,53,53,53,53,53,50,200,114
155,19,19,19,19,19,50,70,252
156,65,65,65,65,65,50,200,114
157,66,65,56,66,66,50,200,252
158,44,44,44,44,44,50,200,114
159,48,48,48,48,48,50,200,252
160,63,63,63,63,17,50,70,114
161,58,65,58,58,65,50,200,114
162,38,38,38,38,38,37,148,148
163,70,80,80,80,70,50,200,70
164,27,27,27,27,27,50,112,114
165,75,75,75,75,75,50,200,252
166,62,62,62,62,62,50,200,252
167,76,76,41,8,15,50,200,70
168,62,62,62,62,62,50,200,252
169,69,69,69,69,69,50,70,114
170,72,72,72,72,28,50,200,70
171,55,60,55,55,66,50,200,70
172,68,68,68,68,68,50,112,114
173,7,7,7,7,7,50,200,252
174,81,81,81,81,1,50,70,252
175,57,57,57,57,57,112,112,114
176,56,56,56,56,56,50,200,114
177,57,57,57,57,57,50,200,114
178,37,37,37,37,37,50,200,114
179,39,39,71,67,7,50,200,70
180,65,65,65,65,65,50,70,114
181,74,74,74,74,74,50,70,70
182,66,65,66,66,66,50,112,114
183,77,77,77,77,77,50,200,252
184,38,38,38,38,38,50,70,70
185,59,59,59,59,59,50,70,252
186,51,51,51,51,51,50,200,70
187,66,66,66,66,66,50,112,114
188,54,54,50,54,54,37,200,252
189,52,52,52,52,52,112,70,252
190,38,38,38,38,38,50,148,148
191,65,65,58,58,65,50,200,252
192,46,46,46,46,46,50,70,114
193,6,6,79,20,82,50,200,70
194,12,12,12,12,46,50,70,114
195,56,56,56,56,26,145,70,114
196,63,63,63,63,63,50,200,114
197,27,27,27,27,27,50,200,114
198,12,12,12,12,12,50,70,70
199,54,12,12,54,78,50,200,252
200,68,68,68,68,68,50,112,114
201,17,17,17,17,17,50,200,252
202,42,42,42,42,42,50,70,252
203,53,53,53,53,53,232,177,114
204,50,13,50,13,50,50,200,252
205,28,28,28,28,28,50,200,252
206,0,0,0,0,0,50,200,114
207,79,79,79,79,79,50,112,114
208,72,72,27,72,27,50,200,252
209,52,52,52,52,52,145,70,114
210,59,59,59,59,59,50,70,114
211,42,42,42,42,42,50,70,114
212,58,65,58,16,58,50,112,114
213,63,63,63,63,63,50,112,114
214,43,43,43,43,43,50,200,252
215,30,30,30,30,30,50,112,114
216,50,50,50,50,78,37,112,114
217,61,61,43,61,61,50,70,70
218,32,32,32,32,7,50,200,70
219,9,9,9,9,9,112,112,114
220,44,44,44,44,44,50,200,114
221,42,42,42,42,42,145,70,114
222,60,60,60,60,60,50,200,70
223,49,49,49,49,49,112,112,114
224,78,78,78,78,78,50,112,114
225,45,45,45,45,45,112,70,114
226,76,16,67,76,15,50,200,252
227,45,45,45,45,45,50,200,114
228,75,75,75,75,75,50,200,252
229,48,48,48,48,48,50,70,114
230,40,40,40,40,40,50,200,114
231,60,60,53,60,60,50,200,252
232,67,67,67,67,67,50,200,252
233,1,1,1,1,1,50,70,252
234,8,8,8,70,8,50,200,252
235,0,0,0,0,0,145,70,114
236,39,39,67,67,39,50,200,252
237,73,73,73,73,73,50,200,252
238,5,47,67,67,5,50,200,70
239,63,63,63,63,63,50,200,252
240,27,27,27,27,27,50,112,114
241,67,76,67,67,67,50,200,70
242,54,54,4,54,66,50,200,70
243,67,24,77,67,77,50,200,252
244,64,64,64,64,64,50,70,114
245,24,24,24,24,24,50,70,70
246,35,35,35,35,35,50,112,114
247,51,51,78,51,51,50,200,70
248,60,60,53,60,60,50,200,70
249,21,21,59,21,21,50,70,114
250,44,44,44,44,44,50,200,252
251,40,40,40,40,40,50,70,252
252,16,16,16,16,16,37,112,114
253,26,26,26,26,26,50,200,114
254,79,79,79,79,79,50,112,252
255,57,57,57,57,57,50,112,114
256,77,77,77,77,77,50,200,70
257,27,27,27,27,27,50,200,252
258,77,77,77,77,77,50,200,70
259,26,26,26,26,26,145,70,114
260,26,26,26,26,26,50,200,252
261,50,32,47,47,50,50,200,252
262,13,13,13,13,53,50,200,252
263,63,63,63,63,63,50,200,114
264,31,31,31,31,31,50,112,114
265,13,13,13,13,60,50,70,252
266,26,26,26,26,26,50,200,114
267,38,38,38,38,38,50,200,70
268,61,61,61,61,61,50,200,70
269,12,12,12,12,12,50,112,114
270,0,0,0,0,0,50,200,114
271,72,47,47,47,48,50,200,70
272,69,69,69,69,69,50,70,114
273,69,69,10,69,69,50,112,114
274,80,80,80,80,80,50,112,70
275,45,45,45,45,45,50,112,114
276,47,47,47,47,47,50,200,114
277,78,78,78,47,78,50,200,70
278,30,30,30,30,30,50,112,114
279,65,65,65,65,65,50,200,114
280,76,76,76,15,76,50,200,252
281,59,59,59,59,59,145,70,114
282,38,38,38,48,71,50,200,70
283,59,59,59,59,59,50,200,114
284,3,3,3,3,3,50,112,114
285,28,28,46,12,12,50,200,252
286,21,1,21,21,21,50,200,114
287,73,73,73,73,73,50,200,252
288,1,1,1,1,1,50,70,114
289,1,1,1,1,1,50,70,114
290,58,58,58,58,58,50,112,114
291,73,73,73,73,73,50,200,252
292,58,65,58,58,58,50,70,252
293,0,0,0,0,0,50,200,114
294,17,17,17,17,17,50,112,252
295,78,78,78,78,78,50,70,114
296,22,22,22,22,22,50,200,114
297,50,39,71,32,7,50,200,70
298,64,64,64,64,64,50,200,114
299,72,47,47,47,47,50,200,70
300,53,53,53,53,53,50,200,252
301,26,26,26,26,26,112,70,114
302,76,76,76,76,67,50,200,252
303,58,58,58,58,65,50,200,114
304,78,78,78,78,78,50,145,114
305,50,50,50,50,50,37,112,114
306,43,43,43,43,43,50,200,252
307,62,62,62,62,62,50,200,114
308,21,21,21,59,21,50,70,252
309,7,7,7,7,7,50,200,252
310,45,45,45,45,45,50,200,114
311,13,13,13,13,53,50,200,70
312,67,67,67,67,67,50,200,70
313,81,81,81,81,81,50,200,114
314,47,47,47,47,47,145,200,114
315,66,66,66,66,26,50,200,252
316,47,47,47,47,47,50,112,114
317,25,25,25,25,25,50,112,114
318,1,1,1,1,56,50,169,252
319,1,1,1,1,1,50,70,114
320,50,50,50,71,50,50,200,252
321,4,4,4,4,4,50,169,70
322,65,65,65,65,65,50,200,114
323,58,58,58,58,58,145,70,114
324,0,0,0,0,0,50,200,114
325,79,79,79,79,79,50,112,252
326,12,12,12,12,12,50,70,114
327,48,48,48,48,48,112,200,252
328,61,61,61,61,61,50,200,70
329,1,1,1,1,1,50,70,252
330,46,46,46,46,46,50,70,114
331,56,56,56,56,56,50,200,114
332,81,81,81,81,81,50,112,114
333,14,14,35,11,14,50,200,70
334,8,8,41,8,8,50,200,70
335,58,65,58,58,58,50,112,114
336,30,30,30,30,30,112,112,114
337,46,46,46,46,46,50,112,252
338,56,56,56,56,56,50,112,114
339,62,62,62,62,62,50,200,252
340,16,16,16,16,16,50,200,114
341,75,75,75,75,75,50,200,252
342,38,38,38,38,38,50,200,70
343,67,67,76,67,67,50,200,252
344,0,0,0,0,0,145,70,114
345,76,76,76,76,76,50,112,114
346,39,50,50,67,78,50,200,252
347,22,22,22,22,22,50,112,114
348,60,60,53,77,60,50,200,70
349,1,1,1,1,1,50,70,114
350,57,57,57,57,57,50,200,114
351,81,81,81,81,81,50,70,114
352,12,12,12,12,12,50,70,114
353,16,16,16,16,16,50,200,114
354,42,42,42,42,42,50,200,114
355,14,14,13,14,77,50,200,70
356,11,34,67,25,34,50,200,70
357,13,13,13,13,60,50,200,252
358,24,24,24,24,24,50,200,252
359,63,63,63,63,63,50,112,114
360,33,33,13,33,56,50,200,252
361,62,62,62,62,62,50,200,114
362,64,64,64,64,64,50,200,114
363,39,39,67,67,39,50,200,252
364,71,71,71,67,71,50,200,252
365,65,65,65,65,65,50,70,114
366,38,38,38,38,38,50,148,70
367,37,37,37,37,37,50,200,114
368,39,32,33,32,71,50,200,70
369,8,8,41,8,8,50,200,70
370,45,45,45,45,45,50,200,114
371,8,8,41,8,8,50,200,70
372,3,3,3,3,3,50,200,114
373,40,40,40,40,40,50,112,114
374,39,50,67,67,39,50,200,252
375,66,66,66,66,66,50,200,252
376,26,26,26,26,26,145,70,114
377,65,65,65,65,65,50,200,252
378,79,79,79,79,79,50,112,252
379,43,25,43,43,43,50,200,252
380,41,32,32,41,41,50,200,70
381,77,77,15,15,15,50,200,70
382,49,33,13,33,49,50,200,252
383,57,57,57,57,57,50,112,114
384,31,31,31,31,31,50,112,114
385,65,65,65,58,65,50,112,114
386,9,9,9,9,9,112,112,114
387,40,40,40,40,40,50,112,252
388,73,73,73,73,73,50,200,252
389,42,42,42,42,42,50,200,114
390,66,66,66,66,66,50,70,114
391,46,46,46,46,46,50,112,114
392,25,25,25,25,25,50,112,114
393,39,39,46,39,39,50,200,114
394,77,76,67,77,77,112,112,252
395,45,45,45,45,45,50,112,114
396,69,69,69,69,69,50,70,114
397,81,81,81,81,81,50,70,252
398,52,52,52,52,52,50,70,252
399,70,80,80,80,70,50,200,70
400,9,9,9,9,9,50,112,114
401,65,65,65,65,65,50,70,114
402,45,45,45,45,45,112,112,114
403,64,64,64,64,64,50,70,114
404,22,22,22,22,22,50,200,114
405,61,61,61,61,61,50,217,70
406,14,14,7,25,14,50,200,70
407,8,8,41,8,8,50,200,70
408,35,35,35,35,35,50,200,114
409,19,19,19,19,19,50,70,252
410,67,67,67,67,67,50,200,252
411,20,20,20,20,20,50,200,70
412,53,53,19,19,53,50,200,252
413,69,69,69,69,69,50,70,114
414,80,80,80,80,80,50,70,114
415,24,24,24,24,24,50,70,70
416,58,58,58,58,58,50,200,114
417,52,52,52,52,52,145,70,252
418,80,80,80,80,80,50,70,70
419,47,47,44,47,47,50,200,114
420,40,40,40,40,40,50,112,252
421,56,56,56,56,56,50,200,114
422,70,80,70,80,70,50,200,70
423,49,49,49,49,49,50,200,252
424,50,4,50,12,50,50,200,114
425,11,11,68,68,38,50,200,70
426,38,38,38,38,38,50,148,148
427,2,2,77,67,67,50,200,252
428,70,70,70,70,70,50,70,70
429,47,47,44,47,47,50,200,114
430,75,75,75,75,75,50,200,70
431,60,60,60,60,60,50,200,70
432,70,70,70,70,70,50,200,70
433,70,70,70,70,70,50,70,70
434,40,40,40,40,40,50,200,252
435,53,49,53,53,53,50,112,114
436,26,26,26,26,26,50,200,252
437,78,78,78,78,78,50,70,114
438,32,32,7,32,81,50,200,70
439,80,80,80,80,80,50,70,70
440,65,65,65,65,65,50,200,114
441,66,66,66,66,66,50,200,114
442,70,80,70,70,70,50,70,70
443,16,69,58,65,65,50,200,114
444,23,23,23,23,23,50,70,252
445,56,56,56,56,56,50,200,114
446,69,69,69,69,53,50,70,252
447,63,63,63,63,63,50,70,252
448,64,64,64,62,64,50,200,252
449,40,40,40,40,40,50,112,252
450,40,40,40,40,40,50,112,114
451,66,65,66,66,66,50,200,114
452,12,12,12,12,12,50,200,114
453,72,72,72,72,72,50,200,70
454,23,23,23,23,23,50,70,114
455,58,65,58,58,58,50,70,114
456,65,65,65,65,65,50,70,114
457,63,63,63,63,63,112,70,114
458,42,42,42,42,42,50,200,252
459,39,50,50,50,50,50,200,252
460,17,17,17,17,17,50,112,252
461,46,46,46,46,39,50,200,114
462,31,31,31,31,31,50,112,114
463,45,45,45,45,45,50,112,114
464,67,67,50,67,67,50,200,252
465,74,74,74,74,74,50,200,70
466,72,47,68,47,48,50,200,70
467,78,78,78,78,78,50,200,70
468,3,3,3,3,3,50,112,114
469,61,61,61,61,61,50,200,70
470,61,61,61,61,61,50,200,70
471,38,38,38,38,38,50,148,70
472,52,52,52,52,52,50,70,70
473,75,75,75,75,75,50,200,252
474,81,81,81,81,81,50,70,252
475,22,22,22,17,22,50,200,114
476,39,13,7,7,39,110,112,114
477,74,74,74,74,74,50,70,70
478,78,78,78,78,78,50,145,114
479,54,12,12,12,12,50,200,252
480,74,74,74,74,74,50,70,70
481,57,57,57,57,57,50,112,114
482,61,61,61,61,61,50,200,70
483,79,79,79,79,79,50,112,114
484,53,19,67,19,19,50,200,252
485,76,76,76,15,76,50,200,252
486,57,57,57,57,57,50,200,252
487,44,44,44,44,44,112,200,114
488,49,37,40,49,49,50,200,70
489,0,0,0,0,0,50,112,252
490,26,26,26,26,26,37,200,114
491,79,79,79,79,79,50,200,114
492,73,73,73,73,73,50,200,252
493,26,26,26,26,26,50,112,114
494,22,22,22,22,22,50,112,114
495,76,76,76,76,76,50,200,70
496,79,79,79,79,79,50,112,114
497,51,51,51,51,51,50,200,252
498,72,72,48,47,72,50,200,252
499,10,10,10,10,10,50,70,70
500,19,19,19,19,19,112,70,252
501,63,63,63,63,63,50,112,114
502,68,68,68,68,68,50,112,114
503,56,56,56,56,26,112,112,114
504,42,42,42,42,42,50,200,114
505,77,76,76,77,76,50,200,252
506,33,33,33,33,53,50,200,252
507,59,59,59,59,59,50,112,252
508,25,25,25,25,25,112,112,114
509,27,27,27,27,27,50,200,252
510,73,73,73,73,73,112,112,252
511,74,74,74,74,74,50,70,70
512,65,65,65,65,65,50,112,114
513,10,10,10,10,10,50,217,70
514,54,54,4,54,66,50,200,70
515,74,74,74,74,74,50,200,70
516,59,59,59,59,59,50,70,114
517,47,47,47,47,47,50,200,114
518,70,70,70,70,70,50,200,70
519,81,81,81,81,81,50,70,252
520,64,64,64,64,64,50,70,252
521,75,75,50,31,12,50,200,70
522,56,56,56,56,56,50,200,114
523,50,47,50,47,50,50,200,252
524,51,51,51,51,51,50,200,70
525,49,49,49,49,49,50,200,252
526,30,30,30,30,30,112,112,114
527,38,38,38,38,38,50,70,70
528,73,73,73,73,73,50,200,70
529,45,45,45,45,45,112,70,114
530,1,64,1,1,1,50,70,114
531,76,76,67,15,71,50,200,70
532,44,44,44,44,44,50,200,114
533,68,68,68,68,68,50,112,114
534,14,14,7,25,14,50,200,70
535,35,35,35,35,35,50,200,114
536,50,32,67,67,7,50,200,252
537,38,38,38,38,38,112,70,70
538,61,61,43,61,61,50,70,70
539,32,28,48,32,28,50,200,70
540,61,61,61,61,61,50,200,70
541,5,47,74,47,5,50,70,70
542,69,69,53,69,69,50,200,114
543,72,27,48,47,12,50,200,252
544,59,59,59,59,59,50,70,252
545,59,59,59,42,59,50,112,114
546,42,42,42,42,42,50,200,252
547,48,48,48,48,48,50,200,252
548,72,74,72,74,74,50,200,70
549,51,51,78,41,66,50,200,70
550,68,68,68,68,68,50,70,114
551,81,81,81,81,81,50,112,114
552,79,79,79,79,79,50,112,114
553,77,77,76,76,15,50,200,70
554,59,59,59,59,59,50,200,114
555,32,81,28,57,12,50,200,70
556,52,52,52,52,52,50,70,114
557,50,50,67,67,39,50,200,252
558,59,59,59,59,59,50,70,114
559,27,27,27,27,27,50,200,252
560,78,78,78,78,78,50,200,70
561,43,43,43,43,56,50,200,252
562,65,65,65,65,65,50,200,252
563,49,49,49,49,49,50,200,252
564,68,68,68,68,68,50,112,114
565,62,62,62,62,62,50,200,252
566,67,67,76,67,67,50,200,252
567,52,52,52,52,52,50,70,70
568,46,46,46,46,46,50,112,114
569,77,60,66,77,15,50,200,252
570,12,12,12,12,12,112,170,252
571,80,80,80,80,80,50,70,70
572,68,68,68,68,68,50,200,114
573,55,55,77,55,66,50,200,252
574,27,27,27,27,27,50,70,114
575,79,79,79,79,79,50,112,114
576,57,57,57,57,57,50,112,114
577,44,44,44,44,44,112,70,114
578,68,68,68,68,68,50,70,114
579,32,32,48,32,32,50,200,70
580,61,61,61,61,61,50,148,70
581,68,68,68,68,68,50,112,114
582,24,24,24,49,24,50,200,252
583,59,59,59,59,59,50,112,114
584,46,46,46,46,46,50,112,114
585,48,48,48,48,48,50,70,114
586,2,2,67,67,67,50,200,252
587,42,42,42,42,42,50,200,114
588,37,61,37,37,37,50,200,114
589,55,55,66,82,66,50,200,70
590,26,26,26,26,26,50,200,114
591,65,65,65,65,65,50,200,252
592,78,78,78,78,78,50,112,114
593,47,47,47,47,47,50,200,114
594,41,32,41,32,41,50,200,70
595,48,48,48,48,48,50,200,114
596,76,77,76,76,76,50,200,252
597,31,31,31,31,31,50,112,114
598,12,12,12,12,12,50,112,70
599,74,72,74,74,74,50,70,70
600,42,42,42,42,42,50,70,252
601,57,57,57,57,57,50,112,114
602,76,76,76,76,76,50,200,252
603,72,72,72,72,28,50,200,252
604,69,69,69,69,69,50,70,114
605,56,56,56,56,56,112,112,114
606,76,76,67,32,67,50,200,70
607,56,56,56,56,56,50,200,114
608,50,32,67,32,67,50,200,70
609,74,74,61,74,74,50,70,70
610,73,73,73,73,73,50,112,252
611,64,64,64,64,64,50,70,252
612,2,2,67,2,19,50,200,252
613,64,64,64,64,64,50,70,252
614,41,32,41,41,41,50,200,70
615,42,42,42,42,42,50,200,252
616,80,80,80,80,80,50,70,70
617,30,30,30,30,30,50,112,114
618,52,52,52,52,52,50,70,252
619,14,14,7,25,14,50,200,70
620,26,26,26,26,26,50,200,114
621,53,53,53,53,53,50,200,252
622,12,12,12,12,12,112,70,252
623,41,32,41,41,41,50,200,70
624,46,46,46,46,46,50,112,114
625,48,48,48,48,48,50,112,114
626,53,53,53,53,53,145,112,114
627,7,7,69,7,7,50,200,252
628,80,80,80,80,80,50,70,70
629,13,13,13,13,40,50,200,252
630,12,12,12,12,12,50,200,114
631,57,57,57,57,57,50,112,114
632,24,24,24,24,24,50,70,70
633,59,59,59,59,59,50,200,114
634,41,41,41,41,8,50,200,70
635,81,81,81,81,1,50,112,114
636,63,63,63,63,63,145,112,114
637,70,70,70,70,70,37,200,252
638,32,32,7,32,7,50,200,70
639,38,38,38,38,38,50,200,70
640,39,13,71,67,7,50,200,70
641,9,9,9,9,9,50,200,114
642,67,67,67,67,67,50,200,252
643,75,75,75,75,75,50,200,70
644,46,46,46,46,46,50,200,114
645,78,78,78,78,78,50,112,114
646,1,1,1,1,1,50,70,114
647,20,20,20,20,20,50,200,70
648,43,43,43,43,43,50,200,252
649,44,44,44,44,44,50,200,114
650,66,66,66,66,66,50,70,114
651,35,35,35,35,35,50,200,114
652,8,8,41,8,79,50,200,70
653,4,4,4,4,4,50,169,70
654,64,64,64,64,64,112,70,114
655,70,70,70,70,70,50,200,70
656,66,66,66,66,66,50,112,114
657,40,40,40,40,40,50,70,252
658,13,13,13,13,53,50,70,252
659,4,4,4,4,4,50,169,70
660,27,27,27,27,27,50,200,252
661,60,60,60,55,60,50,200,70
662,57,57,57,57,57,50,200,114
663,76,16,76,76,76,50,200,252
664,46,46,46,46,46,50,200,114
665,27,27,27,27,27,50,112,114
666,44,44,44,44,44,50,200,114
667,9,9,9,9,9,50,112,114
668,68,68,68,68,68,50,200,252
669,45,45,45,45,45,50,200,114
670,62,62,62,62,62,50,200,252
671,65,65,65,65,65,50,200,252
672,11,34,67,25,14,50,200,70
673,37,37,37,37,37,112,112,114
674,30,30,30,30,30,50,70,114
675,70,70,70,70,70,50,200,70
676,74,74,74,74,74,50,200,70
677,76,76,76,76,76,50,200,252
678,53,53,53,25,53,50,200,114
679,27,27,27,27,27,50,112,114
680,67,67,67,67,67,50,200,252
681,39,39,71,67,7,50,200,70
682,13,13,13,13,53,50,70,252
683,68,68,68,68,68,50,200,114
684,53,53,53,53,53,50,200,252
685,12,12,12,12,12,50,70,114
686,45,45,45,45,45,50,200,114
687,76,76,76,15,71,50,200,252
688,64,64,64,64,64,50,200,252
689,13,13,13,13,53,50,70,70
690,45,45,45,45,45,50,200,114
691,62,62,62,62,62,50,200,252
692,56,56,56,56,56,199,70,114
693,79,79,79,79,79,50,200,114
694,48,48,48,48,48,50,200,114
695,44,44,44,44,44,112,200,252
696,55,55,77,55,55,50,200,70
697,79,79,79,79,79,50,112,114
698,40,40,40,40,40,50,200,114
699,68,68,68,68,68,50,112,114
700,27,27,64,27,27,50,70,114
701,75,75,75,75,75,50,200,252
702,33,33,13,33,49,50,200,252
703,61,61,61,61,61,50,70,70
704,21,21,21,21,2,50,70,70
705,77,77,77,77,77,50,200,252
706,62,62,62,62,62,50,200,252
707,73,73,73,73,73,50,200,70
708,66,65,56,66,66,50,200,114
709,64,64,64,64,64,50,200,252
710,66,66,66,66,66,50,200,114
711,31,31,31,31,31,50,112,114
712,73,73,73,73,73,50,200,252
713,42,42,42,42,42,50,200,252
714,47,47,44,47,47,50,200,114
715,44,44,44,44,44,50,200,114
716,53,53,53,53,53,50,200,252
717,78,78,47,47,31,50,200,70
718,17,17,17,18,68,50,70,252
719,9,9,9,9,9,112,112,114
720,63,63,63,63,63,112,112,114
721,0,0,0,0,0,50,200,252
722,56,56,56,56,56,112,112,114
723,46,46,46,46,46,112,70,114
724,81,81,81,81,1,50,200,114
725,45,45,45,45,45,50,112,114
726,48,48,48,48,48,50,200,114
727,52,52,52,52,52,50,70,252
728,73,73,73,73,73,50,112,252
729,0,0,0,0,0,50,112,114
730,49,49,49,49,49,50,200,252
731,33,33,33,33,25,50,200,252
732,48,48,48,48,48,50,200,252
733,74,74,74,74,74,50,70,70
734,19,19,19,19,19,112,70,252
735,24,24,24,24,24,50,70,70
736,62,62,62,62,62,50,70,252
737,55,55,77,55,66,50,200,252
738,44,44,44,44,44,50,200,114
739,1,64,1,1,1,50,70,252
740,81,81,81,81,81,50,112,114
741,28,46,31,28,81,50,200,252
742,58,65,58,58,58,50,200,252
743,74,74,74,74,74,37,70,70
744,33,33,13,33,49,50,200,252
745,13,13,13,13,53,50,70,70
746,73,73,73,73,73,50,200,70
747,22,22,22,22,22,50,112,252
748,27,27,27,27,27,50,112,114
749,42,42,42,42,42,112,70,252
750,42,42,42,42,42,145,112,114
751,10,10,10,70,10,50,200,70
752,39,36,39,46,39,50,70,114
753,10,10,10,10,10,50,70,70
754,39,12,50,7,39,50,200,252
755,58,65,58,58,58,50,70,114
756,57,57,57,57,57,50,112,114
757,0,0,0,0,0,50,200,114
758,73,73,77,73,73,50,200,252
759,20,20,20,20,20,50,200,70
760,47,47,47,47,47,50,200,114
761,74,74,74,74,74,50,70,70
762,72,72,47,47,47,50,200,252
763,75,75,75,75,75,50,200,252
764,50,50,50,50,50,110,70,114
765,11,34,68,32,11,50,200,70
766,77,50,66,77,77,50,200,252
767,1,1,1,1,1,50,70,114
768,72,72,72,72,28,50,200,70
769,40,40,40,40,40,50,112,114
770,74,74,74,74,74,37,200,70
771,41,32,41,41,41,50,200,70
772,63,63,63,63,63,112,112,114
773,67,77,67,67,67,50,200,252
774,79,79,79,79,79,50,112,114
775,47,47,44,47,47,145,200,114
776,26,26,26,26,26,50,70,114
777,55,55,61,55,66,50,200,70
778,75,75,75,75,75,50,200,70
779,49,49,49,49,49,50,200,252
780,20,20,20,20,20,50,200,70
781,51,51,51,51,66,50,70,70
782,70,70,70,70,70,50,200,70
783,50,39,71,67,7,50,200,70
784,49,49,49,49,49,50,200,252
785,75,75,75,75,75,50,200,252
786,69,69,69,69,69,50,70,114
787,25,25,25,25,25,50,112,114
788,46,46,52,46,46,50,70,70
789,25,25,25,25,25,50,112,114
790,80,80,80,80,80,50,70,70
791,75,75,75,75,75,50,200,252
792,49,49,49,49,49,50,200,252
793,69,69,69,69,69,50,70,252
794,75,75,75,75,75,50,200,252
795,63,63,63,63,63,50,70,252
796,57,57,57,57,57,50,112,114
797,40,40,40,40,40,50,200,252
798,37,37,37,37,37,50,112,114
799,78,78,78,78,78,50,70,114
800,56,56,56,56,56,199,170,114
801,17,17,17,17,17,50,200,252
802,52,52,52,52,52,50,70,252
803,80,80,80,80,80,50,70,70
804,5,5,74,5,5,50,200,70
805,47,47,47,47,47,50,200,114
806,73,60,77,77,77,50,200,252
807,7,7,7,7,7,50,200,252
808,13,13,13,13,53,50,200,70
809,68,17,68,17,68,50,112,114
810,38,38,38,38,38,50,148,148
811,80,80,80,80,80,50,70,70
812,52,52,52,52,52,50,70,70
813,62,62,62,62,62,50,200,252
814,69,69,69,69,69,50,70,114
815,63,63,63,63,63,50,200,252
816,10,10,10,82,10,50,200,70
817,7,7,50,7,7,50,200,252
818,27,27,27,27,27,50,200,252
819,64,64,64,64,64,50,200,252
820,48,48,48,48,48,50,112,114
821,13,13,13,13,13,50,112,252
822,58,65,58,16,16,50,200,114
823,58,58,58,58,58,50,200,114
824,6,6,66,82,82,50,200,70
825,52,52,52,52,52,50,70,252
826,13,13,13,13,60,50,70,252
827,77,77,76,76,67,50,200,252
828,53,19,67,19,19,50,200,252
829,64,64,64,64,64,112,70,252
830,53,53,53,53,53,232,70,114
831,2,2,67,2,2,50,200,252
832,1,64,1,1,1,50,70,114
833,52,52,52,52,52,50,70,252
834,79,79,79,79,79,50,112,70
835,64,64,64,64,64,112,200,252
836,73,73,73,73,73,50,200,252
837,13,13,13,13,13,50,200,252
838,58,58,58,58,58,50,200,114
839,73,73,73,73,73,50,200,252
840,42,42,42,42,42,50,200,114
841,68,68,68,68,68,50,112,114
842,13,13,13,13,12,50,200,70
843,76,76,76,76,15,50,200,70
844,79,79,79,79,79,50,112,114
845,64,64,64,64,64,50,200,114
846,65,65,58,65,65,50,70,114
847,76,76,76,76,15,50,200,252
848,48,48,48,48,48,50,70,252
849,57,57,57,57,57,50,112,114
850,1,1,1,69,1,50,70,114
851,64,64,64,64,1,50,70,114
852,27,27,27,27,27,50,112,114
853,57,57,57,57,57,112,112,114
854,58,58,58,58,58,50,200,114
855,46,46,46,46,46,50,70,114
856,57,57,57,57,57,50,200,114
857,52,52,52,52,52,50,70,252
858,73,73,73,73,73,50,200,252
859,13,13,13,13,26,50,200,70
860,27,27,27,27,27,50,200,252
861,48,48,48,48,48,50,200,114
862,27,27,27,27,27,50,200,252
863,46,46,46,46,46,50,112,252
864,58,58,58,58,58,50,112,252
865,48,48,48,48,48,50,200,252
866,52,52,52,52,52,50,70,70
867,46,46,46,46,46,50,112,114
868,65,65,65,65,65,50,112,114
869,65,65,65,65,65,50,112,114
870,0,0,0,0,0,50,200,114
871,48,48,48,48,48,50,200,114
872,73,73,73,73,73,50,200,252
873,42,42,42,42,42,50,112,114
874,52,52,52,52,52,50,70,70
875,42,42,42,42,42,50,200,114
876,79,79,79,79,79,50,112,252
877,48,48,48,48,48,148,70,114
878,38,38,38,38,38,50,70,70
879,79,79,79,79,79,50,70,114
880,1,1,1,1,1,50,70,70
881,46,46,46,46,46,50,70,70
882,1,1,64,64,1,50,70,70
883,27,27,27,27,27,50,112,114
884,13,13,13,13,53,50,70,70
885,76,76,76,15,67,50,200,252
886,76,76,76,76,41,50,200,252
887,64,64,64,64,64,50,200,114
888,65,65,65,65,65,50,70,114
889,68,68,68,68,68,50,112,114
890,38,38,38,38,71,50,70,70
891,0,0,0,0,0,50,200,114
892,46,46,46,46,46,50,112,114
893,0,0,0,0,0,50,200,114
894,57,57,57,57,57,50,112,114
895,68,68,68,68,68,50,112,252
896,27,27,27,27,27,50,70,114
897,65,65,65,65,65,50,200,114
898,79,79,79,79,79,50,112,114
899,58,65,58,58,58,50,70,114
900,52,52,52,52,52,112,70,252
901,42,42,42,42,42,50,200,114
902,57,57,57,57,57,50,70,114
903,65,65,65,65,65,50,200,114
904,73,73,73,73,73,37,200,252
905,64,64,64,62,64,50,70,252
906,71,71,38,71,71,50,200,70
907,63,63,63,63,63,50,200,70
908,13,13,13,13,13,50,200,252
909,16,16,76,16,16,50,200,252
910,24,24,24,24,24,50,70,114
911,44,43,44,44,44,50,70,70
912,40,40,40,40,40,50,70,70
913,19,19,19,19,19,50,112,114
914,29,29,29,29,29,50,112,70
915,16,76,67,41,71,50,200,252
916,42,42,42,42,42,50,200,114
917,19,19,19,19,19,50,70,70
918,21,21,21,21,21,112,70,114
919,37,37,37,37,37,50,200,252
920,3,3,3,3,3,50,200,252
921,60,60,60,60,60,50,200,70
922,35,35,30,30,35,50,200,114
923,31,31,31,31,31,50,200,114
924,22,22,18,22,22,50,112,114
925,2,2,2,2,2,50,70,252
926,37,36,37,36,37,110,112,114
927,22,22,22,22,22,50,200,114
928,70,70,70,70,70,50,200,252
929,65,65,65,65,65,50,200,252
930,14,14,14,14,14,50,112,114
931,51,51,51,51,51,145,70,114
932,9,9,9,9,9,50,70,114
933,40,40,40,40,40,50,200,70
934,1,1,1,1,1,50,70,114
935,69,69,69,69,69,112,200,114
936,66,66,66,66,66,50,200,70
937,4,4,4,1,4,50,112,114
938,1,1,1,1,1,50,70,70
939,61,61,61,61,61,50,200,70
940,16,76,15,15,33,50,200,70
941,8,8,8,8,8,50,70,70
942,4,4,4,4,4,50,112,114
943,46,46,46,46,46,50,200,252
944,45,45,45,45,45,50,70,114
945,49,69,49,49,49,50,200,252
946,10,10,10,10,10,50,200,114
947,68,68,68,68,68,50,70,114
948,8,8,8,8,8,50,200,114
949,32,32,32,32,32,112,145,114
950,17,17,17,17,17,50,112,114
951,8,8,8,8,8,50,112,114
952,21,21,21,21,21,50,70,114
953,50,50,50,50,50,50,70,70
954,28,28,28,28,28,112,70,114
955,56,56,56,56,56,50,200,252
956,31,31,31,31,31,50,112,114
957,56,56,56,56,56,50,70,252
958,70,70,70,70,70,50,112,114
959,33,33,33,33,33,50,112,252
960,36,36,36,36,36,50,200,252
961,17,17,17,17,17,50,112,114
962,29,29,29,29,40,50,112,70
963,9,9,9,9,9,50,70,114
964,19,19,19,19,19,50,112,252
965,25,25,25,25,25,50,112,114
966,5,5,5,5,5,112,200,114
967,37,37,37,37,37,50,200,252
968,11,11,11,11,11,50,200,114
969,32,32,32,32,32,50,70,70
970,0,0,0,0,0,50,70,70
971,53,53,53,53,53,50,200,252
972,42,42,42,42,42,112,200,252
973,47,47,47,47,47,261,145,114
974,25,25,25,25,25,50,200,114
975,58,58,58,58,58,50,200,114
976,12,46,12,42,12,50,200,252
977,54,54,54,54,54,50,112,114
978,31,31,31,31,31,50,112,114
979,1,1,1,1,1,50,70,70
980,61,53,35,61,61,50,70,70
981,29,29,29,29,29,50,112,114
982,30,35,30,57,30,50,200,70
983,40,40,40,40,30,50,200,70
984,19,19,19,19,19,50,112,114
985,50,50,50,50,51,50,112,114
986,30,31,38,34,31,50,70,70
987,1,1,1,1,1,50,70,114
988,16,76,76,76,67,50,200,252
989,35,35,7,35,35,112,112,114
990,13,13,13,13,13,50,200,252
991,59,59,59,59,59,50,200,70
992,47,47,47,47,47,50,200,70
993,16,16,76,76,15,50,200,252
994,16,76,67,67,15,50,200,70
995,26,26,26,26,26,50,112,114
996,58,58,58,58,58,50,200,252
997,66,66,82,42,66,50,200,70
998,35,10,13,32,24,50,200,70
999,46,46,1,46,46,50,70,114
1000,5,5,5,5,5,50,112,114
1001,28,28,28,33,33,112,112,114
1002,51,50,82,77,51,50,200,252
1003,34,34,34,34,34,112,70,114
1004,26,26,26,26,26,50,112,114
1005,48,48,47,48,48,50,200,70
1006,42,42,42,42,42,50,70,70
1007,6,6,6,6,6,50,200,70
1008,33,33,33,33,33,112,112,114
1009,51,51,51,51,51,50,200,114
1010,24,24,24,24,24,50,70,114
1011,26,26,26,26,26,50,70,114
1012,41,41,41,41,41,50,112,114
1013,66,66,66,66,66,50,200,70
1014,65,73,65,65,65,50,70,114
1015,47,47,47,47,47,50,200,70
1016,23,23,23,23,23,50,70,70
1017,17,17,17,17,17,50,112,114
1018,67,67,67,67,67,50,112,252
1019,43,43,43,43,43,50,70,70
1020,21,21,21,21,21,50,70,252
1021,54,54,54,54,54,50,112,114
1022,4,4,4,4,4,112,70,252
1023,49,24,77,24,24,50,200,252
1024,12,12,12,12,12,50,200,252
1025,3,3,3,3,3,50,112,114
1026,38,38,38,38,38,50,200,114
1027,70,70,70,70,70,50,200,252
1028,24,24,24,24,24,50,112,114
1029,63,63,63,63,63,50,200,70
1030,43,43,43,43,43,50,70,70
1031,15,60,15,15,15,50,200,252
1032,50,50,50,50,50,50,70,2
1033,2,2,2,2,2,50,112,114
1034,8,8,8,8,8,50,112,70
1035,6,6,6,6,6,50,112,114
1036,1,1,1,1,1,112,145,114
1037,23,23,23,38,23,50,70,70
1038,38,36,38,38,38,50,70,114
1039,7,7,7,7,7,50,200,114
1040,42,42,42,42,31,50,70,252
1041,51,51,51,51,51,50,112,114
1042,15,76,15,15,15,50,200,70
1043,32,32,32,32,32,50,70,70
1044,71,71,45,71,71,112,70,70
1045,24,24,24,24,24,50,70,252
1046,14,14,14,14,14,50,70,114
1047,47,48,47,47,48,112,112,114
1048,32,31,32,32,32,112,112,114
1049,58,58,58,58,58,50,112,114
1050,13,13,13,13,13,50,112,252
1051,25,25,25,25,25,112,112,114
1052,21,21,21,21,21,50,70,114
1053,22,22,22,18,18,50,200,114
1054,51,51,51,26,26,50,112,114
1055,17,17,17,17,17,50,112,114
1056,2,2,2,2,2,50,70,114
1057,61,61,61,61,61,145,70,70
1058,51,51,51,51,51,50,200,114
1059,26,26,26,26,26,112,112,114
1060,14,14,14,14,14,50,70,70
1061,7,7,7,7,7,50,70,252
1062,22,22,22,22,22,50,200,114
1063,33,28,33,33,33,50,112,114
1064,58,39,58,58,83,50,112,252
1065,17,17,17,17,17,50,112,114
1066,24,24,24,24,24,50,70,114
1067,37,37,36,36,37,50,200,252
1068,63,63,63,63,63,37,70,70
1069,6,6,6,6,6,50,112,252
1070,65,65,65,65,65,50,112,114
1071,37,37,36,36,37,50,70,70
1072,61,53,61,48,61,50,200,70
1073,23,23,23,23,23,50,200,70
1074,39,39,39,39,39,50,112,114
1075,23,23,38,23,23,50,200,70
1076,13,13,13,13,13,50,200,252
1077,66,66,66,66,66,50,70,70
1078,48,48,48,48,48,50,200,70
1079,17,17,17,17,17,50,112,114
1080,16,16,16,76,16,50,200,252
1081,50,50,50,50,50,50,70,114
1082,24,24,24,24,24,50,112,252
1083,70,70,70,70,70,50,70,114
1084,43,43,43,43,43,50,70,70
1085,28,28,28,28,29,50,200,70
1086,51,51,51,51,51,50,200,114
1087,32,32,32,32,32,50,70,114
1088,48,47,47,47,48,50,200,70
1089,41,41,41,42,41,50,70,114
1090,26,26,26,26,26,112,170,114
1091,48,48,47,48,48,50,200,70
1092,1,1,1,1,1,50,70,114
1093,11,11,11,11,11,50,200,114
1094,9,9,9,9,9,50,112,114
1095,33,33,33,33,33,50,200,252
1096,63,63,63,63,63,50,200,70
1097,10,10,10,10,10,50,200,114
1098,52,52,52,52,52,50,200,70
1099,34,34,34,47,34,50,70,70
1100,51,51,51,51,51,112,112,114
1101,2,2,2,2,2,112,70,114
1102,20,20,20,20,20,50,112,114
1103,62,62,62,62,62,50,112,114
1104,63,63,63,63,63,50,200,70
1105,17,17,17,17,17,50,200,114
1106,29,29,29,29,29,50,70,114
1107,31,31,31,31,31,112,200,252
1108,49,82,82,82,82,50,200,252
1109,18,18,18,18,18,50,112,114
1110,31,31,31,31,31,50,200,70
1111,39,39,39,39,39,50,112,114
1112,67,67,67,67,67,50,70,252
1113,49,29,15,49,49,50,200,252
1114,20,20,20,20,20,50,112,114
1115,30,30,30,62,30,50,70,70
1116,30,30,30,30,30,112,112,114
1117,20,20,20,20,20,50,112,114
1118,23,23,38,23,23,50,70,70
1119,22,22,22,18,22,145,112,114
1120,13,13,13,13,13,50,200,114
1121,15,76,71,15,15,50,200,70
1122,24,24,24,24,50,50,70,70
1123,3,3,3,3,3,50,112,114
1124,61,61,61,61,61,50,112,70
1125,15,15,15,32,15,50,200,70
1126,26,26,26,26,26,50,70,114
1127,46,46,46,46,46,112,200,114
1128,46,46,46,46,46,50,200,252
1129,47,47,47,47,47,50,200,70
1130,13,13,13,13,13,50,200,114
1131,40,40,40,40,31,50,70,70
1132,15,15,15,76,15,50,200,252
1133,5,5,5,5,5,37,200,252
1134,16,16,76,16,16,50,200,252
1135,22,22,22,18,22,50,112,114
1136,11,11,11,11,11,50,70,70
1137,0,0,0,0,0,50,70,70
1138,25,25,25,25,25,112,112,114
1139,9,9,9,9,9,112,70,114
1140,57,57,52,57,57,50,200,114
1141,65,65,73,65,65,50,200,114
1142,30,35,30,34,30,50,200,70
1143,64,64,64,64,64,50,112,114
1144,69,69,69,69,69,50,70,70
1145,21,21,21,21,21,50,70,114
1146,15,76,15,15,15,50,70,70
1147,25,25,25,25,25,50,112,114
1148,16,76,67,15,15,50,200,70
1149,62,62,62,62,62,112,112,114
1150,29,29,29,29,29,50,70,70
1151,10,10,10,10,10,50,200,114
1152,48,47,82,32,7,50,200,70
1153,7,7,7,7,7,50,112,114
1154,5,5,5,5,5,50,70,114
1155,11,11,11,11,11,112,200,252
1156,13,13,13,13,13,50,200,252
1157,1,1,1,1,1,50,70,70
1158,50,50,50,50,50,50,70,70
1159,15,16,76,67,15,50,200,252
1160,8,8,8,8,8,50,200,114
1161,9,9,9,9,9,112,70,114
1162,28,28,28,28,28,50,112,252
1163,38,38,38,38,38,50,70,252
1164,5,5,5,5,5,112,112,114
1165,52,52,52,52,52,50,200,114
1166,44,43,44,44,44,9,177,114
1167,36,36,36,36,36,50,200,252
1168,69,69,68,69,69,200,112,114
1169,18,18,18,18,18,200,112,114
1170,29,29,29,29,29,50,70,70
1171,53,53,53,53,53,145,70,114
1172,53,53,53,53,53,50,200,252
1173,36,36,36,36,36,50,200,252
1174,71,71,71,71,71,50,200,70
1175,46,46,46,46,46,50,200,252
1176,39,39,39,39,39,50,112,114
1177,33,33,33,33,33,50,200,114
1178,26,26,26,26,26,50,112,114
1179,60,60,60,60,60,50,200,70
1180,14,14,14,14,14,50,70,114
1181,19,19,19,19,19,50,112,114
1182,18,18,18,18,18,112,112,114
1183,60,60,60,60,60,50,112,70
1184,48,74,74,47,48,50,200,70
1185,69,69,69,69,69,50,200,114
1186,6,6,6,6,6,145,70,252
1187,5,5,5,5,5,112,112,114
1188,35,35,29,35,62,50,200,70
1189,47,47,47,47,47,50,200,70
1190,44,44,44,44,44,50,145,114
1191,54,54,54,54,54,50,112,114
1192,58,58,58,58,83,50,200,252
1193,54,54,54,54,54,50,112,114
1194,3,3,3,3,3,112,112,114
1195,45,45,45,45,45,112,70,114
1196,26,26,26,26,26,50,70,114
1197,17,17,17,17,17,50,112,114
1198,45,45,45,45,45,50,112,114
1199,26,26,26,26,26,50,200,114
1200,62,62,62,62,46,50,200,114
1201,7,7,7,7,7,145,70,114
1202,50,50,50,50,50,50,70,70
1203,34,34,68,25,34,50,200,70
1204,61,61,61,61,61,50,70,70
1205,63,63,63,63,63,50,200,70
1206,10,10,10,10,10,50,200,252
1207,67,67,67,67,67,50,169,252
1208,51,51,56,51,51,50,112,114
1209,17,17,17,17,17,50,112,114
1210,17,17,17,17,17,50,112,114
1211,43,43,43,43,43,50,70,70
1212,45,45,45,45,39,50,112,114
1213,23,23,23,23,23,50,200,70
1214,68,68,68,68,68,50,200,114
1215,71,71,71,71,71,50,70,114
1216,7,7,7,7,7,50,112,114
1217,42,41,42,42,42,50,70,70
1218,67,67,67,67,67,50,112,114
1219,52,52,52,52,52,50,200,114
1220,58,58,58,58,83,50,200,114
1221,33,33,33,33,33,50,70,114
1222,61,61,61,61,61,112,177,114
1223,59,59,59,59,59,50,112,114
1224,13,13,13,13,13,50,200,114
1225,70,70,70,70,70,50,112,70
1226,41,41,41,41,41,112,70,114
1227,53,53,53,53,53,50,200,114
1228,0,0,0,0,0,50,70,70
1229,12,12,12,12,12,50,200,252
1230,11,11,11,11,11,112,200,252
1231,45,45,45,45,45,50,70,114
1232,67,67,67,67,67,50,200,252
1233,49,49,76,49,49,50,200,252
1234,39,39,39,39,39,50,200,252
1235,9,9,9,9,9,112,112,114
1236,41,41,41,41,41,50,112,114
1237,30,30,30,47,30,110,70,114
1238,12,78,72,12,12,50,200,70
1239,50,50,51,50,50,50,112,114
1240,18,18,18,18,18,112,112,114
1241,40,40,40,40,40,112,70,114
1242,44,44,44,44,44,50,70,70
1243,3,3,3,3,3,50,112,114
1244,42,42,42,42,42,50,200,114
1245,48,47,48,48,48,50,112,114
1246,4,4,4,4,4,50,70,114
1247,39,39,39,39,39,50,200,70
1248,0,0,0,0,0,50,70,70
1249,33,33,33,33,33,50,112,252
1250,26,26,26,26,26,50,70,114
1251,16,16,15,16,16,50,200,252
1252,6,6,6,6,6,50,70,252
1253,38,38,38,38,38,50,70,114
1254,17,17,17,17,17,50,112,114
1255,7,7,7,7,7,50,200,114
1256,71,71,71,71,71,50,200,70
1257,52,52,52,52,52,145,112,114
1258,2,2,2,2,2,112,70,114
1259,15,15,15,15,15,50,200,252
1260,51,51,51,51,51,50,200,114
1261,11,11,11,11,11,112,112,252
1262,59,59,59,59,59,50,112,114
1263,54,54,54,54,54,50,112,114
1264,29,29,29,29,33,50,200,70
1265,6,6,6,6,6,112,112,114
1266,57,57,57,57,57,50,200,114
1267,29,29,29,29,29,50,70,252
1268,65,65,65,39,65,50,200,114
1269,7,7,7,7,7,50,112,114
1270,45,45,45,45,45,50,70,114
1271,41,41,41,41,31,50,112,114
1272,2,2,2,12,8,50,70,114
1273,46,46,46,46,46,50,70,252
1274,53,53,53,53,53,50,200,114
1275,3,3,3,3,3,50,200,114
1276,44,44,44,44,44,50,70,70
1277,7,7,7,7,7,50,70,114
1278,14,14,14,14,14,50,70,114
1279,8,8,8,1,8,50,112,114
1280,43,43,43,23,23,50,70,70
1281,66,66,66,66,66,50,200,70
1282,64,64,64,64,64,50,70,70
1283,1,1,1,1,1,50,145,114
1284,66,66,66,32,66,50,200,70
1285,48,47,47,47,31,50,200,70
1286,41,41,41,41,41,50,200,114
1287,39,39,39,39,39,50,200,252
1288,12,12,12,12,12,50,200,252
1289,16,16,15,16,15,50,200,70
1290,18,18,18,18,18,50,200,114
1291,65,65,65,65,65,50,112,114
1292,35,30,30,34,30,50,200,252
1293,39,39,39,39,39,50,200,70
1294,28,28,28,28,28,50,112,114
1295,46,46,46,46,46,112,112,114
1296,45,45,45,45,45,112,200,252
1297,11,11,11,11,11,50,112,114
1298,56,56,56,56,56,50,70,252
1299,24,24,24,24,24,50,70,114
1300,66,66,66,66,66,50,112,114
1301,39,39,39,39,39,50,200,70
1302,9,9,9,9,9,50,112,114
1303,14,14,14,14,14,50,70,114
1304,70,70,70,70,70,50,112,70
1305,35,35,53,35,35,112,112,114
1306,15,76,15,15,15,50,200,70
1307,34,34,34,47,34,50,70,70
1308,36,36,36,36,37,50,200,252
1309,28,28,28,28,28,50,112,70
1310,12,12,12,12,12,50,200,252
1311,28,28,28,28,29,50,200,70
1312,69,69,69,69,69,50,70,70
1313,10,10,10,10,10,50,200,114
1314,58,58,58,58,83,50,200,252
1315,41,41,41,41,41,50,145,114
1316,0,0,0,38,0,50,70,70
1317,14,14,14,14,14,112,70,114
1318,62,62,62,62,62,50,112,114
1319,57,57,57,57,57,50,200,114
1320,43,43,43,43,23,50,148,70
1321,49,49,49,49,31,112,112,114
1322,10,10,10,10,10,50,200,114
1323,34,38,47,47,47,50,70,70
1324,33,33,33,33,33,50,112,114
1325,42,42,42,42,42,50,70,114
1326,44,44,44,44,44,50,70,70
1327,40,40,40,40,40,50,200,70
1328,50,50,50,50,50,50,200,70
1329,29,29,29,29,29,112,112,114
1330,23,23,23,23,23,50,200,70
1331,14,14,14,14,14,50,70,70
1332,65,65,65,65,65,50,70,114
1333,3,3,3,3,3,50,112,114
1334,19,19,19,19,19,50,112,114
1335,50,50,50,50,50,50,70,70
1336,46,46,46,46,46,50,200,252
1337,64,64,64,64,64,50,112,114
1338,19,19,19,19,19,50,112,114
1339,31,31,31,31,31,50,112,114
1340,24,24,24,24,24,50,70,114
1341,33,33,33,33,33,50,112,252
1342,17,17,17,17,17,50,112,114
1343,3,3,3,3,3,112,112,114
1344,37,37,40,37,37,50,200,252
1345,57,57,57,57,57,50,200,114
1346,64,64,64,64,64,50,70,114
1347,22,22,22,18,18,50,112,114
1348,10,10,10,10,10,50,200,114
1349,28,28,28,28,28,50,70,70
1350,6,6,6,6,6,145,70,70
1351,34,34,34,34,34,110,145,114
1352,42,42,42,42,42,50,112,114
1353,0,0,0,0,0,50,70,70
1354,34,38,38,47,38,50,200,70
1355,45,45,45,45,45,50,70,114
1356,68,68,68,68,68,50,70,114
1357,47,47,47,47,47,110,177,114
1358,22,22,22,22,22,50,200,114
1359,38,38,38,38,38,50,200,114
1360,20,20,20,20,20,50,70,114
1361,30,34,38,68,30,50,200,70
1362,45,45,45,45,45,50,70,70
1363,15,16,76,16,15,50,200,252
1364,46,46,46,46,46,50,200,114
1365,10,10,10,10,10,50,200,114
1366,41,41,41,41,41,50,112,252
1367,6,6,6,6,6,50,70,252
1368,34,34,38,47,34,50,200,70
1369,23,23,23,23,23,50,70,70
1370,1,1,1,1,1,50,70,114
1371,8,8,8,8,8,50,200,114
1372,24,24,24,24,24,50,70,114
1373,64,64,64,64,64,50,112,114
1374,16,16,16,16,67,50,200,252
1375,28,28,28,28,28,50,70,70
1376,26,26,26,26,26,50,112,114
1377,9,9,9,9,9,50,70,252
1378,44,44,43,44,44,50,148,70
1379,18,18,18,18,18,50,112,114
1380,38,38,38,38,38,50,200,252
1381,71,71,71,71,71,50,200,70
1382,4,4,4,4,4,145,70,114
1383,13,13,13,13,13,50,200,114
1384,25,25,25,25,25,112,112,114
1385,57,57,52,57,57,50,200,114
1386,6,6,6,6,6,50,70,114
1387,9,9,9,9,9,50,70,114
1388,68,68,68,68,68,50,70,114
1389,17,17,17,17,17,50,112,114
1390,51,51,51,51,51,50,112,114
1391,58,58,58,58,58,50,200,114
1392,36,36,36,36,36,50,70,252
1393,63,63,63,63,63,50,200,70
1394,35,34,38,38,7,50,200,70
1395,22,22,22,22,22,50,112,114
1396,17,17,17,17,17,50,112,114
1397,54,54,54,54,54,50,112,114
1398,36,36,36,36,36,110,70,114
1399,66,66,82,42,66,50,200,70
1400,14,14,14,14,14,50,70,114
1401,5,5,5,5,5,50,112,114
1402,28,28,28,33,28,50,112,70
1403,64,64,64,64,64,50,112,114
1404,57,57,57,57,57,50,200,114
1405,3,3,3,3,3,50,112,114
1406,70,70,70,70,70,50,200,114
1407,41,41,41,42,41,50,70,70
1408,5,5,5,5,5,112,70,114
1409,51,51,51,51,51,112,70,114
1410,5,5,5,5,5,112,70,114
1411,60,60,60,60,60,50,200,70
1412,69,69,69,69,69,50,112,114
1413,48,48,48,48,48,50,200,70
1414,53,53,53,53,53,50,200,114
1415,60,60,60,73,60,50,112,70
1416,3,3,3,3,3,50,200,114
1417,35,29,35,44,26,50,200,70
1418,67,67,67,67,67,50,70,252
1419,37,37,37,36,37,50,200,252
1420,40,40,40,40,40,50,200,70
1421,29,29,29,29,29,50,70,114
1422,9,9,9,9,9,50,70,114
1423,30,34,38,34,30,50,70,70
1424,19,19,19,19,19,50,112,114
1425,68,68,68,68,68,50,112,252
1426,12,12,50,12,12,50,200,252
1427,62,62,62,62,62,50,70,114
1428,3,3,3,3,3,50,200,114
1429,21,21,21,21,21,112,70,114
1430,52,52,52,52,52,50,70,114
1431,14,14,14,14,14,50,112,114
1432,44,44,44,44,44,50,70,70
1433,69,69,69,69,69,50,112,114
1434,0,0,0,0,0,50,70,70
1435,50,50,50,50,50,112,70,114
1436,61,61,61,61,61,50,200,70
1437,47,47,47,47,47,50,200,70
1438,0,0,0,0,0,50,70,70
1439,8,8,8,8,8,50,70,114
1440,25,25,25,25,25,50,70,114
1441,22,22,22,18,22,50,112,114
1442,3,3,3,3,3,50,200,114
1443,0,0,0,0,0,50,200,70
1444,21,21,21,21,21,50,70,114
1445,43,43,43,43,43,50,70,70
1446,3,3,3,3,3,50,200,114
1447,22,22,22,18,18,112,112,114
1448,41,41,41,41,41,50,112,114
1449,2,2,2,2,2,50,70,114
1450,62,62,62,62,62,50,112,114
1451,9,9,9,9,9,50,112,114
1452,25,25,25,26,25,50,112,114
1453,59,59,59,59,59,50,200,252
1454,5,5,5,5,5,50,112,114
1455,62,62,62,62,62,50,70,114
1456,18,22,18,18,18,50,200,114
1457,36,36,36,36,37,50,200,252
1458,38,38,45,38,38,50,200,252
1459,38,38,38,38,38,50,200,114
1460,19,19,19,19,19,50,70,114
1461,20,20,20,20,20,50,70,114
1462,30,30,30,44,30,50,70,70
1463,52,52,52,52,52,50,200,70
1464,59,59,59,59,59,50,112,114
1465,46,46,46,46,46,50,200,252
1466,11,11,11,11,11,50,112,114
1467,31,31,31,31,31,50,112,114
1468,32,32,32,32,32,50,70,70
1469,14,14,14,14,14,50,112,114
1470,36,36,36,36,37,50,70,252
1471,11,11,11,11,11,50,112,252
1472,68,68,68,68,68,50,200,252
1473,64,64,64,64,64,50,112,114
1474,28,28,28,28,28,50,70,114
1475,8,8,8,8,8,50,70,70
1476,40,40,40,40,40,50,200,70
1477,34,34,34,34,34,110,70,114
1478,18,22,18,18,18,112,70,114
1479,35,50,29,35,53,50,200,114
1480,64,64,64,64,64,50,70,114
1481,10,10,10,10,10,50,200,114
1482,26,26,26,26,26,50,112,114
1483,32,39,32,32,32,50,70,70
1484,30,30,30,47,30,50,200,70
1485,5,5,5,5,5,50,112,114
1486,52,52,52,12,57,50,200,252
1487,48,48,48,47,48,50,70,252
1488,61,61,61,61,61,50,200,70
1489,62,62,62,62,62,50,70,114
1490,20,20,20,20,20,50,112,114
1491,20,20,20,20,20,50,70,114
1492,7,7,7,7,7,50,70,114
1493,67,67,67,67,67,50,70,252
1494,2,2,2,2,2,50,70,114
1495,53,53,53,53,53,50,200,252
1496,20,20,20,20,20,50,70,114
1497,54,54,54,54,54,50,112,114
1498,12,12,12,7,12,50,200,252
1499,57,57,57,57,57,50,200,114
1500,41,41,41,41,41,50,70,252
1501,18,18,18,18,18,50,200,114
1502,8,8,8,8,8,50,112,70
1503,21,21,21,21,21,50,70,114
1504,68,68,68,68,68,50,200,114
1505,56,56,56,56,56,50,200,252
1506,5,5,26,5,5,50,112,114
1507,67,67,67,67,67,50,70,252
1508,0,0,0,38,0,50,70,70
1509,60,60,50,61,50,50,112,114
1510,19,19,19,19,19,50,112,114
1511,15,15,15,15,15,50,200,70
1512,60,60,60,60,60,50,112,252
1513,30,30,30,62,30,50,200,70
1514,34,34,34,47,34,50,200,70
1515,59,59,59,59,59,50,200,70
1516,68,68,68,68,68,50,200,114
1517,36,36,36,36,36,50,200,252
1518,65,65,73,66,65,50,200,252
1519,4,4,4,4,4,50,112,114
1520,37,37,36,36,37,50,200,252
1521,59,59,59,59,59,50,112,114
1522,16,16,60,16,41,50,70,70
1523,31,31,31,31,31,112,70,114
1524,14,14,14,14,14,50,70,114
1525,5,5,5,5,5,50,112,114
1526,48,47,48,48,48,112,112,252
1527,12,12,78,12,12,50,70,70
1528,30,30,30,47,30,50,200,70
1529,23,23,23,23,23,50,200,70
1530,52,52,52,52,52,50,112,70
1531,0,0,0,0,0,50,70,70
1532,19,19,19,19,19,50,112,114
1533,47,47,47,47,47,50,200,70
1534,38,38,38,38,38,50,70,114
1535,47,47,47,47,47,50,200,70
1536,56,46,56,56,56,50,70,252
1537,46,46,46,46,46,50,112,114
1538,50,50,50,50,50,37,70,70
1539,0,0,0,0,0,50,70,70
1540,34,34,68,68,34,50,70,70
1541,51,51,51,26,26,50,112,114
1542,54,54,54,54,54,50,112,114
1543,4,4,4,4,4,112,200,252
1544,31,31,31,31,31,50,200,114
1545,13,13,13,13,13,50,200,252
1546,11,11,11,11,11,50,200,114
1547,69,69,69,69,69,50,112,114
1548,36,36,36,36,36,50,200,252
1549,63,63,63,63,63,50,200,70
1550,24,24,24,24,24,50,70,114
1551,32,32,32,32,32,50,70,114
1552,3,3,3,3,3,50,200,114
1553,7,7,7,7,7,50,70,114
1554,12,12,78,12,12,50,200,70
1555,34,34,68,32,38,50,200,70
1556,43,43,44,44,43,50,70,70
1557,47,47,47,47,48,50,200,70
1558,10,10,10,10,10,50,200,252
1559,23,23,38,23,23,50,70,70
1560,2,2,2,2,2,50,200,114
1561,49,49,41,70,82,50,200,252
1562,58,58,58,58,58,50,200,252
1563,20,20,20,20,20,50,70,114
1564,2,2,2,2,2,50,70,114
1565,47,48,47,47,47,50,200,70
1566,70,70,70,70,70,50,70,70
1567,37,36,36,36,37,50,200,252
1568,31,31,31,31,31,50,70,114
1569,47,47,47,47,47,50,200,70
1570,16,16,76,16,67,50,200,252
1571,53,53,53,53,53,50,200,114
1572,36,36,36,36,36,50,70,66
1573,19,19,19,19,19,50,112,114
1574,46,46,46,46,46,112,200,252
1575,4,4,4,4,4,50,70,114
1576,59,59,59,59,59,50,112,114
1577,52,52,52,52,52,50,112,114
1578,7,7,7,7,7,50,200,252
1579,45,45,45,45,45,50,70,114
1580,57,57,57,57,57,50,200,114
1581,62,62,62,62,62,50,70,114
1582,44,43,44,44,44,50,70,70
1583,0,0,0,0,0,50,70,70
1584,41,41,41,41,42,50,70,70
1585,6,6,6,6,6,145,70,114
1586,44,44,44,44,44,50,70,70
1587,37,36,36,36,36,50,200,70
1588,18,18,18,18,18,112,112,114
1589,12,12,12,12,12,50,200,70
1590,39,39,39,39,39,50,112,114
1591,10,10,10,10,10,50,200,114
1592,13,13,13,13,13,50,200,252
1593,32,32,32,32,32,50,112,114
1594,24,24,24,24,50,50,70,114
1595,14,14,14,14,14,50,70,114
1596,71,71,71,71,71,50,70,114
1597,33,33,33,33,33,50,112,114
1598,61,53,35,77,26,50,70,70
1599,65,65,65,65,65,50,200,252
1600,21,21,21,21,21,50,112,114
1601,68,68,68,68,68,50,200,252
1602,34,34,34,34,34,112,70,114
1603,41,41,41,41,41,50,200,114
1604,42,42,42,42,42,50,112,114
1605,30,30,30,30,30,50,70,70
1606,25,25,25,25,25,50,112,114
1607,49,69,67,49,15,50,200,252
1608,9,9,9,9,9,50,70,114
1609,56,56,56,56,56,50,200,114
1610,31,31,31,31,31,50,200,114
1611,8,8,8,8,8,50,145,114
1612,22,22,22,18,22,50,112,114
1613,52,52,52,52,52,50,112,114
1614,7,7,7,7,7,50,112,252
1615,7,7,7,7,7,50,70,114
1616,34,34,34,47,34,50,70,70
1617,22,22,22,22,22,112,112,114
1618,41,41,41,42,42,50,70,114
1619,42,31,41,42,31,50,112,114
1620,26,26,26,26,26,50,112,114
1621,12,12,12,12,12,50,200,252
1622,22,22,22,18,18,50,200,114
1623,32,32,32,32,32,50,112,70
1624,12,12,12,28,12,50,200,70
1625,18,18,18,18,18,50,112,114
1626,71,71,71,71,71,50,200,70
1627,44,43,44,44,44,50,70,70
1628,32,32,32,32,32,50,112,114
1629,43,43,43,43,44,50,70,70
1630,18,18,18,18,18,50,200,114
1631,25,25,25,25,25,50,112,114
1632,56,56,56,56,56,50,112,114
1633,60,60,60,60,60,50,200,70
1634,15,76,71,15,71,50,200,70
1635,47,47,47,47,47,50,200,70
1636,63,63,63,63,63,50,200,70
1637,1,1,1,1,1,50,70,114
1638,7,7,7,7,7,50,112,114
1639,53,53,53,53,53,50,200,252
1640,6,6,6,6,6,50,70,70
1641,10,10,10,10,10,50,200,114
1642,40,40,40,40,40,50,200,70
1643,45,45,45,45,45,50,70,114
1644,2,2,2,2,2,50,112,114
1645,52,52,52,52,52,50,70,70
1646,66,66,66,66,66,50,200,70
1647,62,62,62,62,62,50,200,114
1648,48,48,47,47,48,112,112,114
1649,26,26,26,26,26,112,112,114
1650,61,61,61,61,61,37,200,252
1651,35,31,62,34,38,50,70,70
1652,25,25,25,25,25,50,112,114
1653,29,28,29,29,29,50,70,114
1654,71,71,38,71,71,50,200,70
1655,18,18,18,18,18,112,112,114
1656,4,4,4,4,4,50,70,114
1657,64,64,64,64,64,50,70,70
1658,5,5,5,5,5,145,112,114
1659,8,8,8,8,8,50,200,70
1660,4,65,4,4,4,50,112,114
1661,53,53,53,53,53,50,70,114
1662,13,13,13,13,13,50,200,252
1663,49,19,67,78,19,50,200,252
1664,48,48,68,47,30,50,200,70
1665,9,9,9,9,9,50,112,114
1666,49,69,49,70,49,50,200,252
1667,6,6,6,6,6,50,70,114
1668,11,11,11,11,11,50,112,252
1669,20,20,20,20,20,50,112,114
1670,38,38,38,38,38,50,70,114
1671,18,18,18,18,18,50,112,114
1672,1,1,1,1,1,50,70,114
1673,53,53,53,53,53,50,200,114
1674,36,36,36,36,36,50,200,252
1675,54,54,54,54,54,50,112,114
1676,7,7,7,7,7,50,70,114
1677,37,36,36,36,37,50,200,252
1678,25,25,25,25,25,50,200,114
1679,20,20,20,20,20,50,112,114
1680,4,4,4,4,4,50,70,114
1681,69,69,69,69,69,112,112,114
1682,43,43,43,44,43,50,148,148
1683,42,42,42,42,42,112,200,114
1684,52,52,52,52,52,50,70,70
1685,13,13,13,13,13,50,200,252
1686,11,11,11,11,11,50,200,70
1687,67,67,67,67,67,50,169,252
1688,28,29,78,28,29,112,112,114
1689,21,21,21,21,21,112,70,114
1690,35,35,30,25,35,50,200,70
1691,40,40,40,40,40,50,70,70
1692,0,0,0,0,0,50,200,70
1693,69,69,69,69,69,50,200,114
1694,61,61,61,61,61,50,200,70
1695,24,24,24,24,24,50,70,114
1696,56,56,56,56,56,50,70,114
1697,18,18,18,18,18,50,112,114
1698,2,2,2,2,2,112,70,252
1699,54,54,54,54,54,50,112,114
1700,20,20,20,20,20,50,112,114
1701,13,13,13,13,13,112,112,252
1702,43,43,43,43,44,50,70,70
1703,6,6,6,6,6,50,70,114
1704,4,4,4,4,4,50,70,114
1705,40,40,40,40,40,50,70,70
1706,53,53,53,47,53,50,112,114
1707,14,14,14,14,17,50,70,114
1708,43,43,43,43,43,52,70,114
1709,47,47,47,47,47,50,200,70
1710,45,45,45,45,45,50,70,70
1711,56,56,56,56,56,50,70,114
1712,28,28,28,28,28,50,112,114
1713,57,57,52,57,57,50,200,114
1714,45,45,45,45,45,50,70,114
1715,68,68,68,68,68,50,70,114
1716,41,42,41,42,41,50,200,114
1717,49,19,67,49,19,50,200,252
1718,36,36,36,36,36,50,70,252
1719,8,8,8,8,8,50,112,114
1720,33,33,33,33,33,50,112,114
1721,29,29,29,29,29,50,112,70
1722,53,53,53,53,53,50,70,114
1723,1,1,1,1,1,50,70,114
1724,10,10,10,10,10,50,200,114
1725,21,52,21,21,21,50,70,114
1726,70,70,70,70,70,50,200,252
1727,61,61,61,50,61,50,200,70
1728,40,40,40,40,66,50,200,70
1729,10,10,10,10,10,50,200,114
1730,35,34,38,38,7,50,200,70
1731,38,38,38,38,38,50,112,114
1732,43,43,44,43,43,112,70,114
1733,48,48,47,48,48,50,200,70
1734,52,52,52,52,52,50,200,252
1735,37,37,36,37,37,50,70,252
1736,61,61,61,61,61,37,200,252
1737,31,31,31,31,31,50,112,70
1738,22,22,22,18,22,112,112,114
1739,32,32,32,32,32,50,70,70
1740,43,43,43,43,43,50,70,70
1741,37,37,36,36,37,50,70,70
1742,23,23,45,45,23,50,70,70
1743,34,34,62,47,34,50,200,70
1744,46,46,46,46,46,50,112,114
1745,2,2,2,2,2,145,70,114
1746,23,23,45,23,23,50,70,70
1747,42,42,42,42,42,50,112,114
1748,37,37,37,37,37,50,200,252
1749,39,39,39,39,39,50,70,70
1750,61,61,13,61,61,112,177,114
1751,28,28,29,28,28,50,70,70
1752,5,5,5,5,5,50,200,114
1753,12,12,12,12,12,50,200,252
1754,40,40,40,40,40,37,112,114
1755,44,43,44,44,44,50,148,70
1756,8,8,8,8,8,50,112,114
1757,29,29,29,29,29,50,70,114
1758,25,25,25,25,25,50,112,114
1759,65,65,65,65,65,50,112,114
1760,6,6,6,6,6,50,70,114
1761,36,36,36,36,36,50,70,114
1762,35,30,35,34,35,50,70,70
1763,16,76,76,15,15,50,112,252
1764,15,76,15,15,15,50,200,70
1765,46,46,46,46,46,50,200,252
1766,66,66,82,66,66,50,200,70
1767,23,23,23,23,23,50,200,70
1768,4,4,4,4,4,50,70,114
1769,30,30,30,30,30,50,70,70
1770,2,2,2,2,2,50,200,114
1771,60,60,60,60,60,50,200,70
1772,19,19,19,19,19,50,112,70
1773,49,74,50,74,50,50,70,70
1774,50,50,30,50,50,50,70,70
1775,44,43,43,44,44,50,70,70
1776,36,36,36,36,36,50,200,252
1777,21,21,21,21,21,50,70,114
1778,63,63,63,63,63,50,200,70
1779,56,56,56,56,56,50,70,114
1780,20,20,20,20,20,50,112,114
1781,15,76,15,15,71,50,200,70
1782,59,59,59,59,59,50,200,114
1783,1,1,1,1,1,50,70,114
1784,33,33,33,33,33,112,112,114
1785,64,64,64,64,64,50,70,70
1786,58,58,58,58,58,50,112,114
1787,59,59,59,59,59,50,200,252
1788,44,44,44,44,44,112,70,2
1789,2,2,2,2,2,50,112,114
1790,60,60,60,60,60,50,200,70
1791,15,76,15,15,15,50,200,70
1792,33,33,33,33,33,50,112,70
1793,20,20,20,20,20,50,112,114
1794,49,49,77,82,15,50,200,252
1795,42,42,42,42,42,50,70,70
1796,42,42,42,42,42,50,112,114
1797,20,20,20,20,20,50,112,114
1798,49,74,47,74,50,50,70,70
1799,48,48,47,47,48,50,200,70
1800,12,12,72,12,12,50,200,70
1801,0,0,0,0,0,112,177,114
1802,39,39,39,39,39,50,70,114
1803,29,29,29,29,29,112,112,114
1804,24,24,24,24,24,50,70,114
1805,21,21,21,21,21,50,70,114
1806,28,28,29,28,28,50,112,70
1807,45,45,45,45,45,50,112,114
1808,11,11,11,11,11,50,70,114
1809,11,11,11,11,11,50,200,114
1810,6,6,6,6,6,50,200,70
1811,1,1,1,1,1,50,70,70
1812,67,46,67,67,67,50,112,252
1813,50,50,50,50,50,50,200,70
1814,13,13,13,13,13,50,200,252
1815,17,17,17,17,17,50,112,114
1816,4,4,4,4,4,50,200,114
1817,44,44,44,44,44,232,70,114
1818,39,39,39,39,39,50,200,252
1819,38,38,38,38,38,50,200,114
1820,57,57,57,57,57,50,200,114
1821,35,62,62,47,38,50,70,70
1822,10,10,10,10,10,50,200,114
1823,21,21,21,21,21,50,70,114
1824,63,63,63,63,63,50,200,70
1825,23,23,23,23,23,50,200,70
1826,31,31,31,31,31,50,200,114
1827,22,22,22,22,22,50,112,114
1828,33,33,33,33,33,112,112,114
1829,71,71,38,71,71,50,200,70
1830,49,39,29,32,7,50,200,252
1831,51,51,51,51,51,112,112,114
1832,9,9,9,9,9,50,70,114
1833,38,38,38,38,38,50,112,252
1834,31,31,31,31,31,50,112,114
1835,8,8,8,8,8,50,112,70
1836,19,19,19,19,19,50,200,252
1837,70,70,70,70,70,50,70,114
1838,50,50,50,50,50,50,70,70
1839,32,32,32,32,32,50,145,114
1840,32,32,32,32,32,50,70,252
1841,25,25,25,25,25,50,112,114
1842,50,50,50,50,50,112,177,114
1843,39,39,39,39,39,50,200,70
1844,53,53,53,53,53,50,200,252
1845,52,52,52,52,52,50,70,70
1846,13,13,13,13,13,50,200,114
1847,6,6,6,6,6,50,70,114
1848,18,18,18,18,18,112,200,114
1849,13,13,13,13,13,50,200,70
1850,9,9,9,9,9,50,112,114
1851,54,54,54,54,54,50,112,114
1852,48,74,74,47,48,50,200,70
1853,36,36,36,36,36,50,200,70
1854,1,1,1,1,1,112,170,114
1855,31,31,41,31,31,50,70,114
1856,47,47,47,47,47,50,200,70
1857,1,1,1,1,1,37,70,114
1858,48,78,47,48,48,50,200,70
1859,31,31,31,31,31,50,112,114
1860,36,36,36,36,37,50,70,252
1861,25,25,25,25,25,50,112,114
1862,1,1,1,1,1,50,70,70
1863,31,31,31,31,31,50,70,114
1864,9,9,9,9,9,50,70,114
1865,47,47,47,47,48,50,200,70
1866,48,48,47,48,48,50,200,70
1867,36,36,36,36,36,112,70,114
1868,63,63,63,63,63,50,200,70
1869,63,63,63,63,63,37,200,70
1870,47,47,47,47,47,50,200,70
1871,47,47,47,47,47,112,177,114
1872,1,1,1,1,1,50,70,252
1873,31,31,31,31,31,50,112,70
1874,36,36,36,36,36,50,200,252
1875,63,63,63,63,63,112,70,70
1876,54,54,54,54,54,50,112,114
1877,36,36,36,36,36,112,112,114
1878,9,9,9,9,9,50,70,114
1879,18,18,18,18,18,112,112,114
1880,48,74,47,47,48,50,200,70
1881,47,47,47,47,47,50,200,70
1882,9,9,9,9,9,50,70,114
1883,13,13,13,13,13,50,70,252
1884,63,63,63,63,63,50,200,70
1885,47,47,47,47,47,50,200,70
1886,54,54,54,54,54,50,112,114
1887,13,13,13,13,13,50,200,252
1888,1,1,1,1,1,50,70,114
1889,31,32,32,32,31,50,70,70
1890,25,25,25,25,25,50,112,114
1891,9,9,9,9,9,50,70,252
1892,25,25,25,25,25,50,112,114
1893,18,18,18,18,18,50,200,114
1894,31,31,31,31,31,50,70,70
1895,6,6,6,6,6,50,70,70
1896,38,38,47,38,38,50,200,70
1897,12,12,7,12,12,110,70,114
1898,73,73,73,73,73,50,70,114
1899,60,60,60,60,60,50,70,252
1900,68,68,68,68,67,50,200,70
1901,30,30,30,6,30,50,70,114
1902,66,66,66,66,66,50,200,70
1903,71,71,71,68,71,50,200,70
1904,72,72,72,72,72,50,200,114
1905,19,19,69,19,19,50,200,252
1906,70,69,32,70,70,50,200,252
1907,18,18,18,18,18,50,112,252
1908,29,57,29,57,29,50,200,70
1909,18,18,18,18,18,50,112,252
1910,45,45,45,45,45,112,70,148
1911,39,39,39,39,39,50,200,114
1912,62,62,62,62,62,50,70,70
1913,7,7,7,7,7,50,200,252
1914,80,80,43,80,80,50,200,70
1915,22,22,8,22,22,50,200,114
1916,83,83,83,83,83,50,200,252
1917,60,60,60,60,60,50,70,114
1918,69,69,69,69,19,50,200,252
1919,3,3,3,3,3,112,112,252
1920,35,57,35,35,35,50,70,252
1921,9,9,9,9,9,50,112,252
1922,9,9,9,9,9,112,112,114
1923,52,52,52,52,52,50,200,114
1924,53,13,53,53,60,50,200,70
1925,40,40,40,40,40,50,70,70
1926,25,68,68,48,25,50,200,70
1927,29,29,29,44,44,50,200,252
1928,66,66,66,66,50,37,200,70
1929,82,82,82,82,82,50,200,70
1930,7,7,7,7,7,112,112,114
1931,54,54,54,54,54,50,70,70
1932,12,12,7,12,12,112,70,114
1933,26,26,26,26,26,50,200,114
1934,47,47,47,47,5,50,70,70
1935,57,57,44,57,29,50,200,70
1936,64,63,64,64,64,50,112,114
1937,67,68,68,68,67,50,70,70
1938,40,40,40,40,40,50,200,70
1939,80,80,80,80,80,50,200,70
1940,61,53,53,53,61,50,200,252
1941,46,46,46,46,46,50,200,70
1942,52,52,52,52,52,50,70,114
1943,31,34,68,47,31,50,70,70
1944,13,13,79,67,7,50,200,70
1945,41,41,41,41,41,50,200,252
1946,21,21,21,21,21,50,200,252
1947,33,47,70,70,32,50,200,70
1948,1,1,1,1,1,50,112,114
1949,59,59,59,59,59,50,70,252
1950,40,40,40,40,40,50,70,70
1951,77,26,26,77,26,50,200,70
1952,29,29,29,44,29,50,200,70
1953,72,72,72,72,72,50,200,114
1954,70,69,70,70,70,50,200,252
1955,71,71,20,71,71,50,200,70
1956,50,50,15,15,15,50,200,70
1957,2,2,2,2,2,112,112,252
1958,72,72,72,72,65,50,70,114
1959,24,24,24,24,24,50,70,114
1960,58,58,58,58,58,50,70,252
1961,73,73,73,73,73,50,112,114
1962,67,32,67,32,67,50,200,70
1963,56,56,56,56,56,50,200,252
1964,23,23,23,23,23,50,200,252
1965,82,82,82,82,82,50,200,70
1966,48,48,38,45,48,50,200,70
1967,50,50,50,50,50,50,200,252
1968,31,31,30,34,31,50,70,252
1969,56,56,25,56,56,50,200,252
1970,66,82,66,66,66,50,200,70
1971,71,71,71,67,71,50,200,70
1972,57,7,7,57,57,50,200,70
1973,47,47,47,47,47,50,200,70
1974,81,81,81,81,81,50,200,252
1975,33,35,30,34,33,50,70,70
1976,43,43,43,43,43,50,70,70
1977,56,56,56,56,56,50,200,252
1978,16,16,16,16,16,50,200,114
1979,38,38,38,38,38,50,200,70
1980,9,9,9,9,9,112,112,114
1981,12,24,77,24,13,50,200,252
1982,58,58,58,58,58,50,70,70
1983,39,39,39,39,39,37,70,114
1984,26,26,26,26,26,50,112,114
1985,25,26,26,26,26,50,112,114
1986,21,21,21,21,21,50,70,252
1987,59,59,59,59,59,50,70,252
1988,63,14,63,63,63,50,112,114
1989,61,61,61,61,61,50,112,114
1990,46,46,81,46,46,50,200,70
1991,1,1,1,1,1,50,200,114
1992,36,36,36,36,36,50,112,114
1993,82,82,82,82,82,50,200,70
1994,80,80,43,80,80,50,200,70
1995,2,2,2,2,2,50,70,114
1996,68,68,68,68,71,50,70,70
1997,69,69,69,69,48,50,70,252
1998,37,37,37,37,37,50,200,252
1999,49,49,68,47,31,50,70,70
2000,64,64,64,64,64,50,112,114
2001,27,27,27,27,27,50,200,252
2002,81,81,81,7,81,50,200,70
2003,23,23,23,23,23,112,70,114
2004,39,39,39,39,39,50,70,70
2005,37,37,37,37,37,50,112,114
2006,6,6,6,6,6,112,70,252
2007,42,42,42,42,42,50,200,70
2008,77,26,26,14,26,50,200,70
2009,71,71,71,68,71,50,200,70
2010,66,66,66,71,66,50,200,70
2011,45,45,45,45,45,50,70,70
2012,83,83,83,83,83,50,200,252
2013,77,77,26,77,26,50,200,252
2014,27,27,27,27,27,50,70,114
2015,37,37,37,37,37,50,70,252
2016,53,53,26,77,26,50,200,70
2017,48,48,38,48,48,50,70,70
2018,47,47,47,47,47,50,70,70
2019,55,55,55,55,55,50,70,114
2020,40,40,40,40,40,50,70,70
2021,62,62,62,62,62,50,70,70
2022,70,70,71,32,71,50,200,70
2023,16,16,16,16,16,50,200,114
2024,13,13,13,13,13,110,70,114
2025,77,77,53,77,60,50,200,70
2026,39,39,39,39,39,50,200,252
2027,31,31,47,47,31,50,70,70
2028,18,18,18,18,18,37,200,252
2029,67,67,68,47,67,50,70,70
2030,69,69,69,70,69,50,200,252
2031,51,51,51,51,51,50,70,114
2032,4,4,4,4,4,50,70,114
2033,71,71,71,71,71,50,200,70
2034,17,17,17,17,17,50,112,114
2035,65,65,65,65,73,50,112,114
2036,8,8,8,8,8,50,112,252
2037,18,18,18,18,18,50,70,114
2038,71,71,71,71,71,50,200,252
2039,38,67,71,67,33,50,70,70
2040,47,47,47,47,47,112,70,114
2041,22,22,22,22,22,50,70,70
2042,29,44,29,44,29,50,200,70
2043,78,78,12,78,12,50,200,70
2044,25,32,68,32,34,50,200,70
2045,48,48,38,48,48,50,70,70
2046,34,34,34,34,34,50,70,114
2047,75,75,75,75,75,50,200,252
2048,36,36,52,36,36,50,200,114
2049,66,66,66,66,66,50,200,252
2050,57,57,44,44,29,50,200,70
2051,69,69,69,69,19,50,200,252
2052,22,22,22,22,22,50,70,70
2053,36,57,52,36,36,50,200,114
2054,14,14,14,14,14,50,70,114
2055,70,70,70,70,70,50,200,252
2056,47,47,47,47,71,50,70,70
2057,79,79,79,79,79,50,200,70
2058,44,44,29,44,44,50,70,70
2059,58,58,58,58,58,50,70,70
2060,35,37,37,37,35,50,112,114
2061,82,82,82,20,79,50,200,70
2062,50,50,50,50,50,50,200,70
2063,7,7,7,7,7,50,200,252
2064,56,56,56,56,56,50,200,252
2065,64,64,64,64,64,50,112,114
2066,65,65,65,65,35,50,112,114
2067,55,55,55,55,55,112,112,114
2068,30,30,30,30,30,50,70,114
2069,13,13,71,13,7,50,200,70
2070,78,12,78,12,12,50,200,252
2071,56,56,25,33,56,50,200,252
2072,66,4,4,47,66,50,200,70
2073,53,53,53,44,53,50,200,70
2074,44,29,50,29,29,50,200,252
2075,17,17,17,17,17,112,70,252
2076,62,62,62,62,62,112,70,114
2077,7,13,7,7,7,112,112,114
2078,29,29,29,44,44,50,200,70
2079,50,50,41,50,50,50,70,70
2080,42,42,70,70,42,50,70,70
2081,17,17,17,17,17,50,70,114
2082,39,39,39,39,39,50,112,114
2083,74,74,74,74,74,50,200,114
2084,18,18,18,18,18,50,70,114
2085,74,74,74,74,74,50,169,70
2086,45,45,45,45,68,50,70,70
2087,81,81,7,79,7,50,200,252
2088,21,21,21,21,21,112,170,252
2089,40,40,40,40,40,50,70,70
2090,78,78,78,48,78,50,200,70
2091,57,31,7,57,57,50,200,70
2092,4,4,4,4,4,50,70,70
2093,79,79,79,79,79,50,70,70
2094,68,68,68,68,68,50,200,70
2095,17,17,17,17,17,112,70,114
2096,19,19,69,19,19,50,200,252
2097,61,61,61,61,61,50,112,114
2098,52,52,52,52,52,50,112,114
2099,21,21,21,21,21,50,70,114
2100,19,19,67,19,19,50,200,252
2101,42,42,42,42,42,50,200,252
2102,32,32,47,32,15,50,70,70
2103,80,80,43,80,80,50,70,70
2104,78,24,13,78,78,50,200,252
2105,27,27,27,27,27,50,70,114
2106,10,10,10,10,10,50,112,66
2107,47,47,48,47,48,50,200,70
2108,45,45,43,45,45,50,70,70
2109,14,26,14,14,14,50,70,114
2110,75,75,75,75,75,50,200,252
2111,9,9,9,9,9,50,112,252
2112,10,10,10,10,10,50,112,114
2113,28,67,30,67,46,50,70,252
2114,12,67,77,16,19,50,200,70
2115,83,83,83,83,83,50,200,252
2116,32,32,32,32,32,50,200,70
2117,14,14,14,14,14,50,112,114
2118,53,77,26,26,26,50,200,70
2119,17,17,17,17,17,50,70,114
2120,62,62,62,62,62,50,70,70
2121,37,37,37,37,37,37,200,252
2122,33,33,33,47,33,50,70,252
2123,67,67,68,47,67,50,200,70
2124,65,65,65,65,65,50,112,114
2125,34,34,34,79,34,50,112,114
2126,45,45,45,45,48,50,70,70
2127,32,32,68,32,71,50,200,70
2128,42,42,42,42,42,50,200,70
2129,73,73,73,73,73,50,200,114
2130,56,56,56,77,56,50,200,252
2131,54,54,54,54,54,50,70,70
2132,79,79,79,79,79,50,200,252
2133,81,81,81,81,81,50,200,252
2134,70,7,69,70,70,50,200,252
2135,37,37,37,37,37,50,112,114
2136,62,62,62,62,62,50,200,70
2137,59,59,59,59,59,50,70,70
2138,10,10,10,10,10,112,112,114
2139,69,69,69,69,70,50,200,252
2140,60,60,60,60,60,50,112,114
2141,45,45,45,45,45,50,70,2
2142,35,35,35,35,35,50,112,114
2143,73,73,73,73,73,50,70,114
2144,51,51,51,51,51,50,70,252
2145,6,6,6,6,6,112,70,252
2146,9,9,9,9,9,112,112,114
2147,82,82,82,82,82,50,200,70
2148,8,8,8,8,8,50,200,70
2149,73,73,73,73,73,50,70,114
2150,64,64,64,63,64,50,70,114
2151,32,32,4,32,32,50,200,70
2152,33,76,71,15,33,50,200,70
2153,22,22,22,22,22,50,70,70
2154,44,13,44,44,44,50,70,70
2155,58,58,58,58,58,50,70,70
2156,6,6,6,6,6,50,70,70
2157,46,46,46,46,46,50,200,252
2158,60,60,60,60,60,50,70,114
2159,51,51,51,51,51,112,70,252
2160,37,37,37,37,37,50,70,252
2161,48,48,45,48,48,50,70,70
2162,42,42,42,42,42,50,200,70
2163,77,13,50,13,10,50,200,252
2164,50,50,50,50,50,50,200,252
2165,2,2,2,2,2,112,200,252
2166,42,42,42,42,15,50,200,70
2167,14,14,14,14,14,50,70,114
2168,23,23,23,23,23,50,70,70
2169,79,79,79,79,79,50,70,70
2170,4,4,4,4,4,50,70,70
2171,39,39,39,39,39,50,70,252
2172,79,79,79,79,79,50,200,70
2173,57,53,44,44,29,50,70,70
2174,41,41,41,41,41,50,200,70
2175,72,35,72,72,72,50,112,114
2176,56,56,56,56,56,50,200,252
2177,69,69,69,69,70,50,200,252
2178,82,82,82,82,82,50,200,70
2179,33,34,30,34,30,50,200,70
2180,31,31,31,54,31,37,112,114
2181,69,69,69,69,69,50,200,252
2182,24,24,24,24,35,50,112,114
2183,48,45,45,45,48,37,70,70
2184,32,32,70,32,32,50,200,70
2185,34,34,34,34,34,50,112,114
2186,78,78,78,78,78,112,200,252
2187,28,28,28,28,28,50,112,114
2188,32,32,32,32,32,50,200,70
2189,50,50,50,50,50,50,200,70
2190,60,60,60,60,60,112,200,252
2191,57,47,53,47,57,110,70,114
2192,63,63,63,63,63,50,70,114
2193,38,38,38,38,38,50,200,70
2194,70,42,33,70,71,50,200,70
2195,46,46,46,46,46,50,200,252
2196,26,26,26,26,26,50,200,114
2197,83,83,83,83,83,50,200,252
2198,61,61,61,61,61,50,200,114
2199,41,41,41,41,41,50,200,252
2200,23,23,23,23,23,50,200,114
2201,34,34,34,34,34,50,70,70
2202,77,77,77,77,77,50,200,252
2203,12,77,26,12,12,50,200,252
2204,57,57,44,57,44,50,200,70
2205,31,31,34,47,31,112,70,114
2206,3,3,3,3,3,50,200,70
2207,27,27,27,27,27,50,70,114
2208,74,74,74,74,74,50,200,114
2209,59,59,59,59,59,50,70,252
2210,24,24,24,24,24,50,70,114
2211,47,47,47,47,48,50,70,70
2212,61,61,61,61,61,50,200,114
2213,49,66,66,71,49,50,200,70
2214,34,34,34,34,34,50,70,114
2215,80,80,43,80,80,50,70,70
2216,28,28,28,33,33,50,112,114
2217,25,25,62,25,25,50,200,70
2218,21,21,21,21,21,112,70,252
2219,14,14,14,14,14,50,70,114
2220,41,41,41,41,41,50,200,252
2221,64,64,64,64,64,50,112,114
2222,64,64,64,64,64,50,112,114
2223,44,44,29,44,44,50,200,70
2224,21,21,21,21,21,50,70,252
2225,55,55,55,55,55,50,200,114
2226,68,68,68,68,71,50,200,70
2227,2,2,2,2,2,206,70,252
2228,49,49,68,68,67,50,200,70
2229,61,61,61,61,61,50,112,114
2230,41,41,41,41,41,50,200,70
2231,41,41,41,41,41,50,200,252
2232,33,32,71,32,71,50,200,70
2233,53,77,26,77,26,50,200,70
2234,70,70,69,70,70,50,200,252
2235,66,66,66,66,66,50,200,252
2236,33,47,29,47,34,110,70,114
2237,43,43,43,43,43,50,217,70
2238,59,59,59,59,59,50,70,70
2239,6,6,6,6,6,50,70,252
2240,13,13,77,24,13,50,200,252
2241,72,72,72,72,72,50,200,114
2242,8,8,8,8,8,50,70,252
2243,82,82,82,82,82,50,200,70
2244,40,40,40,40,40,50,200,70
2245,29,29,29,29,29,50,200,70
2246,7,7,48,7,7,50,200,252
2247,31,31,67,15,33,50,200,70
2248,4,4,4,4,4,50,70,70
2249,72,72,73,72,72,50,70,114
2250,51,51,51,51,51,50,112,114
2251,19,13,19,19,19,199,70,114
2252,44,44,47,44,44,50,200,70
2253,49,49,47,47,71,50,70,70
2254,37,37,37,37,37,50,70,114
2255,57,29,44,44,29,50,200,70
2256,78,32,32,32,71,50,200,70
2257,81,46,81,46,81,50,200,252
2258,47,47,23,47,47,50,70,70
2259,26,26,26,26,26,50,200,114
2260,54,54,54,54,54,50,70,70
2261,54,54,54,54,54,50,70,70
2262,50,50,41,76,33,50,200,70
2263,2,2,2,2,2,50,70,114
2264,42,42,42,42,42,50,200,70
2265,28,28,28,28,28,50,112,252
2266,65,65,65,58,65,50,112,114
2267,63,63,63,63,63,50,70,114
2268,39,39,39,39,39,50,200,114
2269,19,19,7,19,19,199,112,114
2270,47,48,45,45,48,50,70,70
2271,58,58,58,58,58,50,112,70
2272,4,4,4,4,4,50,70,70
2273,39,39,39,39,39,50,200,114
2274,3,3,3,3,3,50,70,114
2275,44,44,29,44,44,50,200,70
2276,28,28,43,28,28,50,200,252
2277,4,4,4,4,4,50,70,70
2278,78,78,46,78,78,37,200,252
2279,22,22,22,22,22,50,70,252
2280,29,29,29,29,29,50,200,70
2281,21,21,21,21,21,37,70,252
2282,62,62,62,38,62,50,70,70
2283,47,47,47,47,32,50,70,70
2284,38,34,38,38,38,50,200,70
2285,27,27,27,27,27,50,70,252
2286,26,26,26,26,26,50,200,114
2287,52,52,52,52,52,50,200,114
2288,72,72,73,72,72,50,112,114
2289,8,8,8,8,8,50,70,114
2290,9,9,9,9,9,112,112,114
2291,34,34,34,34,34,50,112,114
2292,46,46,46,46,46,50,200,252
2293,34,34,34,34,34,50,200,70
2294,22,22,22,22,22,112,145,114
2295,31,33,67,15,71,50,200,70
2296,53,53,53,53,53,110,70,114
2297,62,62,62,38,38,50,70,70
2298,53,53,53,53,53,50,70,114
2299,24,24,24,24,35,50,70,114
2300,75,75,75,75,75,50,200,252
2301,81,81,81,81,81,50,200,252
2302,56,56,56,56,56,50,200,252
2303,82,48,82,82,82,50,200,252
2304,80,80,80,80,80,50,70,70
2305,50,50,41,50,50,50,70,70
2306,33,32,67,67,67,50,200,70
2307,3,3,3,3,3,50,70,114
2308,26,26,26,26,26,50,200,114
2309,65,65,65,65,35,50,70,114
2310,27,27,27,27,27,50,112,252
2311,36,36,52,36,36,50,70,114
2312,1,1,1,1,1,50,200,114
2313,35,35,35,35,35,50,112,114
2314,36,36,36,36,57,50,112,114
2315,24,35,24,24,35,50,112,114
2316,40,40,40,40,40,50,70,70
2317,42,42,42,42,42,50,200,70
2318,57,29,44,57,44,50,200,70
2319,79,79,79,79,79,50,70,70
2320,27,27,27,27,27,50,70,114
2321,41,41,41,41,41,50,200,70
2322,68,48,68,48,68,50,200,70
2323,19,19,69,19,19,50,200,252
2324,10,10,10,10,10,50,112,114
2325,74,74,74,74,74,50,112,114
2326,24,24,24,24,35,50,200,114
2327,71,71,61,63,71,50,200,70
2328,42,42,70,70,42,50,200,70
2329,25,34,48,47,25,50,200,70
2330,55,55,55,55,55,50,70,252
2331,80,80,80,80,80,50,200,70
2332,69,69,69,69,69,50,200,252
2333,82,82,82,82,82,50,200,70
2334,44,53,30,44,44,50,70,252
2335,62,62,62,62,62,50,112,70
2336,21,21,21,21,21,112,70,114
2337,46,46,46,46,46,50,200,252
2338,7,7,48,7,7,50,200,70
2339,36,36,36,36,36,50,112,114
2340,43,43,43,80,43,50,200,70
2341,31,31,47,47,31,50,70,70
2342,17,24,17,17,17,50,112,114
2343,62,62,48,47,62,50,70,70
2344,16,16,16,16,16,50,200,114
2345,37,37,37,37,37,50,200,114
2346,65,65,65,65,65,50,200,252
2347,54,54,54,54,54,50,200,70
2348,8,8,21,8,8,50,70,114
2349,77,77,60,14,26,50,200,252
2350,54,54,54,54,54,50,70,70
2351,34,34,34,34,34,50,200,252
2352,14,14,14,14,14,50,70,114
2353,69,69,69,69,70,50,200,252
2354,1,1,1,1,1,50,200,114
2355,67,32,71,32,67,50,200,70
2356,36,36,36,36,36,200,112,114
2357,69,69,49,69,70,50,200,252
2358,29,29,29,29,29,50,70,70
2359,74,74,74,74,74,50,169,70
2360,4,4,4,4,4,50,70,70
2361,63,63,63,63,63,50,70,114
2362,2,2,2,2,2,52,70,252
2363,21,21,21,21,21,112,70,252
2364,12,12,12,12,10,110,70,114
2365,60,60,60,60,60,112,70,114
2366,78,12,50,78,78,50,200,252
2367,16,24,17,24,17,50,70,114
2368,52,52,52,52,52,50,70,114
2369,56,56,56,56,56,50,200,252
2370,53,53,35,35,53,50,200,70
2371,19,19,67,19,19,50,200,252
2372,13,13,13,13,13,110,70,114
2373,36,36,36,36,36,50,112,114
2374,17,17,17,17,17,50,70,114
2375,1,1,1,1,1,50,200,114
2376,64,64,64,64,64,50,70,70
2377,38,31,38,38,38,112,70,114
2378,30,30,30,30,30,50,200,114
2379,33,41,71,67,33,50,200,252
2380,32,41,41,70,32,50,200,70
2381,74,74,74,74,74,50,169,70
2382,23,23,23,23,23,50,200,114
2383,60,60,60,60,60,50,70,114
2384,54,54,54,54,54,50,70,70
2385,39,39,39,39,39,50,200,114
2386,75,75,75,75,75,50,200,252
2387,48,48,48,48,48,50,70,70
2388,73,73,73,73,73,50,70,114
2389,66,66,66,71,71,50,200,70
2390,47,47,48,47,32,50,200,70
2391,68,48,38,48,82,50,200,70
2392,31,31,38,47,31,112,70,114
2393,45,45,45,45,45,50,70,70
2394,12,12,26,12,12,50,200,252
2395,39,39,39,39,57,50,112,114
2396,61,61,61,61,61,50,200,114
2397,42,42,42,42,42,50,200,70
2398,2,2,2,47,2,50,70,252
2399,65,65,65,65,65,50,112,252
2400,43,43,43,43,43,50,70,70
2401,9,9,9,9,9,50,112,252
2402,52,52,52,52,52,50,112,114
2403,81,81,81,81,81,50,112,114
2404,14,14,14,56,14,50,200,114
2405,49,34,79,32,71,50,200,70
2406,54,54,54,54,54,50,200,70
2407,54,54,54,54,54,50,70,114
2408,46,46,46,46,46,50,200,252
2409,44,44,29,44,44,50,200,252
2410,32,32,32,32,32,50,200,70
2411,48,48,45,48,68,50,200,70
2412,26,26,26,26,26,50,112,252
2413,64,64,64,64,64,112,112,114
2414,83,83,83,83,83,50,200,252
2415,42,42,42,42,42,50,200,70
2416,24,24,24,24,35,50,70,114
2417,23,23,23,23,23,112,112,114
2418,48,48,48,48,48,50,200,70
2419,67,68,68,68,67,50,70,70
2420,32,32,32,32,32,50,200,70
2421,60,60,60,60,60,50,112,114
2422,74,57,74,74,74,50,169,70
2423,57,40,40,54,40,50,200,70
2424,59,59,59,59,59,50,70,70
2425,13,13,67,13,33,50,200,70
2426,71,71,71,67,71,50,200,70
2427,71,71,71,71,71,50,200,70
2428,83,83,83,83,83,50,70,252
2429,37,37,37,37,37,50,70,70
2430,52,52,52,52,52,50,70,114
2431,3,3,3,3,3,112,70,114
2432,63,63,63,63,64,50,70,114
2433,34,34,34,34,34,50,200,114
2434,32,32,4,48,32,50,200,70
2435,58,58,58,58,58,50,70,70
2436,63,63,63,63,63,50,70,114
2437,71,20,71,32,71,50,200,252
2438,66,49,71,32,33,50,200,70
2439,6,6,6,6,6,50,70,252
2440,54,54,54,54,54,50,200,70
2441,58,58,58,58,58,50,200,70
2442,38,38,38,38,38,50,70,70
2443,41,41,41,41,41,50,70,70
2444,82,82,82,82,82,50,200,70
2445,62,62,62,62,62,50,70,70
2446,72,72,72,72,72,50,70,114
2447,2,2,2,2,2,50,70,252
2448,35,35,50,35,35,50,70,114
2449,83,83,83,83,83,50,200,252
2450,52,52,52,52,52,50,112,114
2451,31,31,30,33,31,50,70,70
2452,59,59,59,59,59,50,70,70
2453,49,49,67,68,33,50,70,70
2454,69,69,69,69,70,50,200,252
2455,74,74,74,74,74,50,169,252
2456,55,68,55,55,55,50,70,114
2457,67,79,79,67,67,50,70,70
2458,45,45,38,45,45,50,70,70
2459,27,27,25,27,31,50,112,114
2460,79,79,79,79,79,50,200,252
2461,70,70,70,70,70,50,200,70
2462,79,79,79,79,79,50,200,252
2463,40,40,40,40,40,50,70,70
2464,38,32,67,68,67,50,200,70
2465,38,38,34,47,38,50,70,70
2466,53,53,53,53,53,50,200,252
2467,64,64,64,64,64,50,70,114
2468,47,47,47,47,68,50,70,70
2469,57,57,29,48,57,145,200,252
2470,29,57,29,44,29,50,200,70
2471,30,30,30,30,30,50,70,114
2472,44,44,47,47,44,50,70,70
2473,55,55,55,55,55,50,70,252
2474,52,52,52,52,52,50,200,114
2475,56,56,56,56,56,50,200,252
2476,13,13,14,14,14,50,70,114
2477,41,50,41,41,15,50,200,252
2478,74,74,74,74,74,50,200,114
2479,39,39,39,39,39,50,200,252
2480,82,82,82,42,82,50,200,70
2481,73,73,73,73,73,50,200,114
2482,4,4,4,4,4,50,70,70
2483,28,28,28,33,28,50,70,114
2484,46,46,46,46,46,50,200,252
2485,33,32,71,67,71,50,200,252
2486,64,64,64,64,64,50,70,114
2487,46,46,46,46,46,50,200,252
2488,28,28,28,28,28,50,112,252
2489,80,80,80,80,80,50,200,70
2490,34,34,34,34,34,50,70,70
2491,51,51,51,51,51,50,70,114
2492,30,30,30,30,30,50,200,252
2493,81,81,81,81,81,50,200,252
2494,26,26,26,26,26,50,200,114
2495,34,34,34,34,34,50,112,114
2496,48,48,45,47,48,50,70,70
2497,61,61,61,61,61,50,200,114
2498,63,14,63,63,63,50,70,114
2499,74,74,74,74,74,50,200,114
2500,25,34,38,47,25,50,70,70
2501,9,9,9,9,8,50,112,252
2502,38,34,67,67,33,50,70,70
2503,19,69,69,32,70,50,200,252
2504,83,83,83,83,83,50,200,252
2505,28,28,28,33,33,50,112,114
2506,6,6,6,6,6,50,70,114
2507,61,61,61,61,61,50,200,114
2508,19,19,19,19,19,110,70,114
2509,68,68,4,47,71,50,200,70
2510,6,6,6,6,6,50,70,114
2511,28,28,28,28,33,50,112,114
2512,64,64,64,64,64,50,70,114
2513,6,6,6,6,6,112,70,252
2514,10,10,10,10,10,50,70,70
2515,54,54,47,54,48,112,70,114
2516,10,10,10,10,10,112,70,114
2517,36,57,36,36,57,50,112,114
2518,22,22,22,22,22,112,70,114
2519,41,41,41,41,41,50,200,252
2520,8,8,8,8,8,50,70,114
2521,67,32,71,67,71,50,200,70
2522,22,22,22,22,22,50,112,70
2523,73,73,73,73,73,50,112,114
2524,14,14,14,14,14,50,70,114
2525,73,73,73,73,73,50,200,252
2526,75,75,75,75,75,50,200,252
2527,18,18,18,18,18,50,70,114
2528,16,16,16,16,16,112,70,114
2529,75,75,75,75,75,50,200,252
2530,65,65,65,65,65,112,70,114
2531,79,79,79,79,79,50,200,70
2532,3,3,3,3,3,50,200,70
2533,29,29,29,29,29,50,200,252
2534,39,39,39,39,39,50,200,252
2535,58,58,58,58,58,50,200,70
2536,54,54,54,54,54,50,200,70
2537,44,44,44,44,29,50,70,70
2538,26,26,26,26,26,50,200,114
2539,30,30,30,67,30,50,70,114
2540,55,55,55,55,55,50,200,70
2541,48,48,47,47,48,50,70,114
2542,4,4,4,4,4,112,70,70
2543,64,64,64,64,64,50,70,114
2544,50,42,41,70,66,50,200,70
2545,49,32,79,68,71,50,200,70
2546,10,10,10,10,10,50,70,252
2547,36,36,36,38,36,50,70,114
2548,50,50,50,50,50,50,200,252
2549,59,59,59,59,59,50,70,252
2550,56,56,25,78,56,50,200,252
2551,27,27,27,27,27,50,70,114
2552,43,43,43,43,43,50,217,70
2553,17,17,14,17,17,50,112,114
2554,68,68,4,68,68,50,200,70
2555,51,51,51,51,51,50,70,114
2556,42,42,42,42,42,50,200,70
2557,24,24,24,24,24,112,70,114
2558,51,51,51,51,51,50,70,252
2559,36,36,36,36,36,50,112,114
2560,35,35,35,35,35,50,112,252
2561,8,8,8,8,8,50,200,70
2562,67,67,71,68,67,50,200,70
2563,63,63,63,63,63,50,112,114
2564,6,6,6,6,6,112,139,252
2565,28,28,28,28,33,50,112,114
2566,74,74,74,74,74,50,169,70
2567,47,47,38,47,48,50,70,70
2568,44,44,44,44,29,50,70,70
2569,44,44,44,44,29,50,200,70
2570,25,34,68,47,25,50,70,70
2571,47,47,29,47,47,110,177,114
2572,74,74,74,74,74,50,169,70
2573,60,60,60,60,60,50,70,114
2574,78,78,77,78,10,50,200,70
2575,72,72,72,72,72,50,112,114
2576,44,44,44,34,44,50,200,70
2577,9,9,9,9,9,50,200,114
2578,14,14,14,14,14,112,145,114
2579,23,35,24,24,35,50,70,114
2580,46,46,46,46,46,50,200,252
2581,38,34,67,32,67,50,200,70
2582,46,46,46,27,46,50,200,70
2583,42,42,70,70,42,50,200,70
2584,71,71,71,67,71,50,200,70
2585,36,36,36,36,36,50,200,114
2586,25,25,38,25,25,50,200,70
2587,79,79,79,79,79,50,200,70
2588,29,29,29,29,29,110,70,114
2589,44,44,44,44,44,50,200,70
2590,54,54,54,54,54,50,70,70
2591,56,56,56,56,56,50,200,252
2592,51,51,51,51,51,50,70,114
2593,57,57,44,44,57,50,200,252
2594,31,35,30,34,30,50,200,70
2595,41,41,79,79,41,50,200,70
2596,56,56,56,56,56,50,200,252
2597,7,7,7,7,7,50,200,252
2598,38,34,38,38,7,50,200,70
2599,17,57,17,17,17,50,70,114
2600,29,29,29,29,29,50,200,70
2601,32,32,32,32,71,50,200,70
2602,3,3,3,3,3,50,200,114
2603,36,36,36,36,36,50,112,114
2604,48,48,48,45,48,50,200,70
2605,53,53,53,53,53,50,200,70
2606,7,7,31,7,7,50,200,70
2607,77,77,77,77,60,50,200,252
2608,81,81,81,81,81,50,200,252
2609,52,52,52,52,52,50,70,114
2610,22,22,22,22,22,112,145,114
2611,78,78,7,78,78,112,112,114
2612,77,24,77,13,13,50,200,252
2613,67,32,71,67,71,50,70,70
2614,41,41,41,41,15,50,200,252
2615,48,48,48,48,48,50,200,70
2616,8,8,8,8,8,37,70,252
2617,48,48,47,47,48,50,70,70
2618,74,74,74,74,74,50,169,114
2619,33,47,70,70,32,50,200,70
2620,16,16,16,16,16,112,70,252
2621,12,13,77,16,77,50,200,252
2622,75,75,75,75,75,50,200,252
2623,69,69,69,69,70,50,200,252
2624,18,18,18,18,18,50,70,114
2625,26,26,26,26,26,112,70,114
2626,18,18,18,18,18,50,70,252
2627,75,75,75,75,75,50,200,114
2628,33,31,40,54,40,50,70,70
2629,45,45,45,45,45,50,70,148
2630,51,51,51,51,51,50,70,252
2631,35,35,35,35,35,37,112,252
2632,50,50,50,50,50,50,200,252
2633,65,65,65,65,65,50,112,114
2634,30,30,30,30,46,50,70,252
2635,68,68,68,68,68,50,200,70
2636,79,79,79,79,79,50,70,70
2637,55,55,55,55,55,112,70,114
2638,35,35,50,35,35,50,70,114
2639,38,32,68,68,67,50,200,70
2640,59,59,59,59,59,50,70,70
2641,30,30,30,30,30,50,70,114
2642,29,34,7,57,29,112,112,114
2643,21,21,21,21,21,50,70,252
2644,12,12,12,12,12,50,200,252
2645,34,34,34,34,34,50,112,114
2646,50,50,73,50,50,50,200,252
2647,63,63,63,63,64,50,70,114
2648,57,31,7,57,7,50,200,70
2649,53,77,53,53,53,50,200,252
2650,66,49,67,66,66,37,200,70
2651,14,14,14,14,14,112,70,114
2652,1,1,1,1,1,50,112,114
2653,32,41,41,32,32,50,200,70
2654,9,9,9,9,9,50,112,114
2655,45,45,38,45,45,50,70,70
2656,10,10,10,10,10,112,112,114
2657,30,30,30,30,30,50,70,252
2658,75,75,75,75,75,50,112,114
2659,37,37,37,37,37,50,70,114
2660,62,62,62,62,62,50,200,70
2661,10,12,12,78,81,50,200,252
2662,72,72,72,72,72,50,112,114
2663,60,60,60,60,60,50,70,114
2664,49,38,68,68,71,50,200,70
2665,59,59,59,59,59,50,70,70
2666,53,35,53,53,53,110,70,114
2667,16,16,16,16,16,112,70,252
2668,7,7,7,7,81,50,200,252
2669,52,52,52,52,52,50,112,114
2670,83,83,83,83,83,50,200,252
2671,53,53,53,44,53,50,70,70
2672,46,46,46,46,46,50,200,252
2673,81,81,81,81,81,50,200,252
2674,29,29,29,29,29,112,112,114
2675,67,32,71,67,71,50,200,70
2676,81,81,81,81,81,50,200,252
2677,31,31,31,47,33,50,70,70
2678,23,23,23,23,23,112,70,252
2679,51,51,51,51,51,50,70,252
2680,56,56,56,56,56,50,200,252
2681,16,16,16,16,16,50,200,114
2682,63,63,14,63,63,50,112,114
2683,61,61,61,61,61,50,112,114
2684,71,71,71,71,71,50,200,252
2685,63,63,63,63,63,50,70,114
2686,70,19,70,70,70,50,200,252
2687,80,80,80,80,80,50,200,70
2688,56,56,77,77,56,50,200,252
2689,80,80,80,80,80,50,200,70
2690,63,63,63,63,63,50,70,114
2691,58,58,58,58,58,50,70,114
2692,36,36,52,36,36,50,200,114
2693,34,34,34,34,34,50,200,114
2694,43,43,43,43,43,50,70,70
2695,8,8,8,8,8,145,70,252
2696,68,68,68,47,71,50,70,70
2697,70,70,70,70,70,112,112,114
2698,41,41,41,41,41,50,200,70
2699,83,83,83,83,83,50,200,252
2700,68,68,68,68,68,50,112,70
2701,83,83,83,83,83,50,200,252
2702,18,18,18,18,18,50,200,252
2703,77,77,77,77,77,50,200,70
2704,33,76,67,67,33,50,200,252
2705,17,17,17,17,17,50,70,114
2706,24,49,48,47,68,50,200,70
2707,19,19,77,19,19,50,200,252
2708,75,75,75,75,75,50,200,252
2709,43,43,43,43,43,50,200,70
2710,2,2,2,2,2,50,70,114
2711,79,79,79,79,79,50,200,70
2712,52,52,52,52,52,50,200,114
2713,75,75,75,75,75,50,200,252
2714,48,45,45,45,48,50,70,70
2715,77,26,77,53,77,50,200,252
2716,25,11,38,25,25,50,200,70
2717,75,75,75,75,75,50,200,252
2718,18,18,18,18,18,50,200,252
2719,1,1,1,1,1,112,112,252
2720,3,3,3,3,3,112,70,114
2721,72,65,14,72,65,50,70,114
2722,30,30,30,30,30,50,200,252
2723,4,4,4,4,4,112,170,2
2724,65,35,65,35,35,50,112,114
2725,32,32,47,32,32,50,200,70
2726,3,3,3,3,3,50,200,70
2727,65,65,65,65,35,50,112,114
2728,52,52,52,52,52,50,70,252
2729,29,49,71,32,71,50,200,70
2730,6,6,6,6,6,50,70,252
2731,32,32,32,32,32,50,200,70
2732,68,68,71,47,71,50,200,70
2733,24,24,24,24,24,112,70,114
2734,67,67,67,68,67,50,70,70
2735,43,43,43,43,43,50,217,70
2736,43,43,43,43,43,9,177,114
2737,31,31,53,47,31,110,70,114
2738,34,34,34,34,34,50,112,114
2739,41,76,41,41,41,50,200,252
2740,1,1,1,1,1,50,200,114
2741,27,27,27,27,27,50,70,114
2742,41,41,41,41,41,50,200,70
2743,81,81,81,81,81,50,200,252
2744,78,78,7,78,78,112,112,114
2745,16,16,16,16,16,50,200,114
2746,55,55,55,55,55,50,200,114
2747,39,39,39,39,39,50,200,114
2748,39,39,39,39,39,145,70,114
2749,73,22,73,73,73,200,112,114
2750,54,54,54,54,54,50,70,70
2751,22,22,6,22,22,50,70,70
2752,54,54,54,54,54,50,70,70
2753,83,83,83,83,83,50,200,114
2754,66,66,66,66,66,50,200,70
2755,8,8,8,8,8,50,70,70
2756,50,50,50,50,50,50,200,70
2757,2,2,2,2,2,50,200,114
2758,33,33,33,33,15,50,200,70
2759,23,23,23,23,23,50,112,70
2760,34,34,34,34,34,50,70,70
2761,83,83,58,83,83,50,200,114
2762,16,16,16,16,16,50,200,252
2763,45,45,45,45,70,50,70,70
2764,32,32,71,32,79,50,200,70
2765,80,80,43,80,80,50,200,70
2766,73,73,73,73,73,50,112,114
2767,1,1,1,1,1,50,200,114
2768,52,52,52,52,52,50,112,114
2769,82,82,82,42,82,50,200,70
2770,53,53,53,44,53,50,200,70
2771,31,31,38,34,31,50,70,70
2772,70,70,70,70,70,50,200,252
2773,58,58,58,58,58,50,70,114
2774,49,82,82,68,49,50,200,70
2775,62,62,62,62,38,50,70,70
2776,38,34,47,38,38,50,200,70
2777,36,36,36,36,36,50,200,114
2778,50,41,41,41,41,50,70,70
2779,49,49,47,47,71,50,70,70
2780,82,82,82,82,82,50,200,70
2781,66,66,66,66,66,50,200,70
2782,53,53,53,53,53,50,200,252
2783,23,23,23,23,23,50,200,114
2784,7,47,7,7,48,112,112,114
2785,12,12,12,12,12,50,200,252
2786,50,50,77,50,50,50,200,252
2787,10,10,10,10,10,50,112,252
2788,35,35,35,35,35,50,200,252
2789,13,13,13,13,13,167,70,114
2790,72,72,72,72,72,50,200,114
2791,42,42,42,70,42,50,200,70
2792,73,73,73,73,73,50,200,114
2793,77,13,35,35,60,50,112,252
2794,70,70,70,70,70,50,112,252
2795,35,35,35,35,35,50,112,114
2796,13,13,71,16,13,50,200,70
2797,46,46,41,60,46,50,200,70
2798,80,80,43,80,80,50,200,70
2799,78,24,77,78,26,50,200,70
2800,13,24,77,16,13,50,200,70
2801,3,3,3,3,3,112,70,252
2802,39,39,39,39,39,50,200,114
2803,55,55,55,55,55,50,70,114
2804,65,65,65,65,73,50,70,114
2805,25,25,62,68,25,50,200,70
2806,52,52,52,52,52,50,200,114
2807,43,43,43,80,43,50,200,70
2808,1,1,1,1,1,112,200,252
2809,40,40,40,40,40,50,70,70
2810,57,44,44,62,44,50,70,70
2811,21,21,21,21,21,112,200,252
2812,52,52,52,52,52,50,200,114
2813,32,32,71,32,71,50,200,70
2814,45,45,38,45,45,50,70,70
2815,63,63,63,63,63,50,70,114
2816,49,49,71,66,71,50,70,114
2817,63,63,63,63,63,50,70,114
2818,29,29,29,29,30,50,200,70
2819,29,29,44,44,29,50,200,70
2820,53,53,53,53,53,112,70,114
2821,21,21,21,21,21,50,70,252
2822,29,29,29,29,44,110,70,114
2823,6,6,6,6,6,50,70,252
2824,45,45,38,45,45,50,70,70
2825,29,29,29,44,44,50,200,70
2826,53,53,13,53,53,50,70,70
2827,13,24,77,10,33,50,200,252
2828,6,6,6,6,6,50,70,70
2829,74,74,74,74,74,50,70,252
2830,49,49,82,68,49,50,200,70
2831,32,32,32,32,71,50,200,70
2832,41,41,41,41,41,50,200,252
2833,48,48,38,48,48,50,70,70
2834,21,21,21,21,21,50,200,252
2835,13,13,71,13,13,50,200,70
2836,6,6,6,6,6,50,70,252
2837,6,6,6,6,6,50,70,114
2838,52,52,52,52,52,50,70,114
2839,48,48,47,47,34,112,70,114
2840,21,22,21,21,21,50,169,70
2841,52,52,52,52,52,50,70,114
2842,32,32,32,68,71,50,200,70
2843,53,53,53,53,53,50,200,70
2844,48,48,48,47,48,206,177,114
2845,52,52,52,9,52,50,200,114
2846,49,68,68,48,31,50,200,252
2847,45,45,45,45,45,112,70,114
2848,13,24,77,16,13,50,200,70
2849,83,83,58,83,83,50,200,114
2850,41,41,41,41,41,50,200,70
2851,49,34,79,25,71,50,70,70
2852,32,71,41,32,15,50,200,70
2853,21,21,21,21,21,50,70,252
2854,41,41,15,41,41,50,200,252
2855,48,48,45,71,48,50,200,70
2856,45,45,45,45,45,50,70,70
2857,3,8,3,3,3,50,112,114
2858,46,46,46,46,46,50,70,70
2859,12,12,12,12,12,50,112,114
2860,50,50,50,50,50,50,70,114
2861,8,8,8,8,8,50,112,114
2862,32,30,30,32,32,50,112,114
2863,30,30,30,30,30,50,112,114
2864,7,7,79,7,7,50,200,70
2865,4,45,45,4,4,50,70,70
2866,4,4,4,4,45,112,70,70
2867,25,25,25,25,25,50,200,252
2868,6,6,6,6,6,50,70,70
2869,2,2,2,2,2,112,200,252
2870,25,25,25,25,25,50,200,252
2871,1,1,1,1,1,112,200,252
2872,10,10,13,10,10,199,70,114
2873,25,56,25,25,56,50,200,252
2874,58,58,58,58,58,50,70,114
2875,45,45,45,45,45,50,200,70
2876,13,13,13,13,13,110,70,114
2877,2,2,2,2,2,112,200,252
2878,27,27,27,27,27,50,70,70
2879,25,25,25,25,25,50,200,252
2880,27,27,48,27,27,50,200,70
2881,35,35,35,35,35,50,112,114
2882,52,52,52,52,52,50,200,114
2883,35,35,35,35,35,50,112,114
2884,32,32,32,32,32,50,200,70
2885,5,5,5,5,5,50,70,252
2886,43,43,43,43,43,50,200,114
2887,7,7,61,11,61,50,200,70
2888,24,13,7,24,24,112,112,114
2889,28,27,27,27,28,50,200,70
2890,31,31,31,31,31,50,200,70
2891,10,66,71,79,10,50,200,252
2892,32,32,32,32,32,50,200,70
2893,47,47,47,47,47,50,70,70
2894,29,25,25,25,25,50,200,252
2895,9,9,9,9,9,112,200,252
2896,2,2,2,47,2,50,70,114
2897,27,48,48,32,31,50,200,70
2898,11,11,11,11,11,50,200,252
2899,31,31,31,31,31,50,200,70
2900,30,30,30,30,30,50,112,114
2901,16,16,16,16,16,50,70,114
2902,25,25,25,25,53,50,200,252
2903,19,19,19,19,19,37,200,252
2904,28,25,24,25,25,50,200,252
2905,3,3,3,3,3,50,70,70
2906,28,27,27,27,27,50,200,70
2907,57,57,57,57,57,50,70,114
2908,57,57,57,57,57,50,70,114
2909,27,27,27,27,27,50,200,70
2910,5,5,5,5,5,112,200,252
2911,24,24,67,24,70,50,200,252
2912,52,52,52,52,52,37,200,252
2913,9,9,9,9,9,50,70,114
2914,27,27,27,47,27,50,200,70
2915,48,48,48,7,7,50,200,70
2916,43,43,43,43,42,50,112,114
2917,16,42,71,70,16,50,200,70
2918,29,29,29,29,29,50,200,252
2919,7,7,79,67,7,50,200,70
2920,1,1,81,1,1,50,200,114
2921,26,26,26,29,26,50,200,252
2922,11,11,11,11,11,50,112,114
2923,25,2,24,25,25,50,200,252
2924,1,1,1,1,1,50,200,252
2925,9,9,9,9,9,50,200,252
2926,45,45,45,45,45,50,200,70
2927,8,8,8,8,8,50,112,114
2928,19,19,19,19,19,50,112,70
2929,47,47,47,47,47,112,112,114
2930,47,47,47,47,47,50,112,114
2931,11,11,11,11,11,112,70,252
2932,35,35,35,35,35,112,70,252
2933,26,77,26,53,26,50,200,252
2934,35,35,35,35,35,50,200,114
2935,13,13,13,13,13,206,70,114
2936,10,78,67,76,10,50,200,70
2937,28,28,27,27,31,50,200,70
2938,8,8,8,8,8,50,112,114
2939,25,25,25,25,53,50,200,252
2940,26,26,26,77,53,50,200,70
2941,14,14,14,9,14,50,112,114
2942,49,49,49,49,49,50,70,70
2943,11,11,11,11,11,50,112,114
2944,32,32,32,32,32,50,200,70
2945,6,6,6,6,6,112,70,114
2946,14,14,14,14,14,50,200,252
2947,3,3,3,3,3,112,145,114
2948,26,62,60,57,7,50,200,252
2949,30,30,30,30,30,50,112,114
2950,35,35,35,35,35,50,112,114
2951,12,12,12,12,12,50,112,252
2952,49,49,49,49,49,50,70,252
2953,58,58,58,58,58,200,70,252
2954,6,6,6,6,6,112,145,114
2955,48,48,38,48,48,50,200,70
2956,49,49,49,49,49,50,70,252
2957,30,48,48,48,48,50,200,70
2958,13,32,71,67,7,50,200,252
2959,46,46,46,46,46,50,70,114
2960,47,47,47,47,47,50,200,114
2961,50,57,50,50,50,50,70,114
2962,0,0,0,0,0,50,70,70
2963,30,30,30,30,30,50,112,114
2964,10,78,77,78,10,50,200,70
2965,8,8,8,8,8,50,200,252
2966,57,57,57,57,57,50,70,70
2967,24,24,77,24,53,50,200,252
2968,4,4,4,4,4,50,70,70
2969,1,1,1,1,1,50,112,114
2970,58,58,58,58,58,50,257,114
2971,19,19,19,19,19,50,70,114
2972,13,13,15,67,7,50,200,252
2973,35,35,35,35,35,206,70,252
2974,32,32,32,32,32,50,200,70
2975,13,13,13,7,70,50,200,252
2976,48,48,48,48,48,50,200,70
2977,9,9,9,9,9,50,70,252
2978,0,0,0,0,0,112,70,70
2979,45,45,45,45,45,50,200,70
2980,58,58,58,58,58,50,70,252
2981,3,3,3,3,3,50,70,70
2982,47,47,47,47,47,112,70,114
2983,2,2,2,2,2,112,200,252
2984,6,6,6,6,6,50,70,70
2985,6,6,6,6,6,50,70,70
2986,48,48,48,48,48,112,200,252
2987,29,29,29,29,29,50,200,114
2988,11,11,11,11,11,50,200,252
2989,1,69,81,27,52,50,112,252
2990,49,49,49,49,49,50,70,252
2991,28,72,72,72,31,50,200,70
2992,10,10,67,16,10,50,200,70
2993,13,7,47,47,57,50,200,70
2994,45,45,45,45,45,50,200,70
2995,48,48,48,48,48,50,200,252
2996,58,58,58,58,58,50,70,252
2997,27,27,27,72,27,50,200,70
2998,25,26,35,25,24,50,200,70
2999,58,58,58,58,58,50,70,252
3000,58,58,58,58,58,50,70,252
3001,2,69,53,53,2,50,70,252
3002,46,46,46,46,46,50,70,114
3003,52,52,52,52,52,112,200,252
3004,19,19,19,19,19,50,112,70
3005,16,16,16,16,16,112,70,114
3006,14,14,14,14,8,50,70,114
3007,12,12,12,12,12,50,112,70
3008,5,5,5,5,5,50,70,114
3009,10,71,41,15,7,50,200,252
3010,46,46,46,46,46,50,70,114
3011,28,28,27,28,31,50,200,252
3012,3,3,3,3,3,50,70,70
3013,25,26,25,25,25,50,200,252
3014,26,35,35,34,7,50,200,70
3015,58,58,58,58,58,112,70,252
3016,50,50,50,50,50,50,112,114
3017,29,29,29,29,29,50,200,252
3018,19,19,19,19,19,112,112,114
3019,32,32,32,32,32,50,112,252
3020,30,30,30,30,30,50,112,252
3021,1,1,1,1,57,50,200,114
3022,35,35,35,35,35,50,70,114
3023,10,13,7,10,10,110,70,114
3024,46,46,46,46,46,50,112,252
3025,8,8,8,8,8,112,112,252
3026,50,35,50,50,50,50,70,114
3027,7,7,7,7,7,112,112,114
3028,4,4,4,4,4,50,70,70
3029,50,50,50,50,50,112,70,114
3030,25,25,25,25,25,50,200,252
3031,26,26,25,25,56,50,200,252
3032,2,2,2,2,2,37,200,252
3033,31,31,12,77,53,50,200,252
3034,0,0,0,0,0,50,70,66
3035,32,32,32,32,32,50,200,252
3036,4,45,4,4,4,50,70,70
3037,14,14,14,14,14,50,200,114
3038,50,50,50,50,50,50,70,114
3039,0,0,0,0,0,50,70,70
3040,30,30,30,30,30,50,112,114
3041,50,50,50,50,50,37,70,252
3042,16,16,16,16,16,112,70,252
3043,30,30,30,30,30,50,112,114
3044,30,30,30,30,30,50,112,114
3045,6,6,6,6,6,112,145,114
3046,47,47,47,47,47,112,70,114
3047,52,52,52,52,35,50,112,114
3048,48,48,48,7,48,50,200,70
3049,32,32,32,32,32,50,200,70
3050,26,26,77,13,77,50,200,252
3051,28,72,72,72,28,50,200,70
3052,6,6,6,6,6,50,70,70
3053,50,57,50,50,50,50,70,114
3054,7,50,7,7,7,112,112,114
3055,5,5,5,5,5,112,70,252
3056,49,49,49,49,49,50,70,70
3057,1,1,52,1,57,50,200,114
3058,27,27,27,27,27,50,200,70
3059,49,49,49,49,49,50,70,70
3060,46,46,46,46,46,50,70,252
3061,57,57,57,57,57,37,200,252
3062,6,6,6,6,6,50,70,70
3063,8,8,8,8,3,50,112,114
3064,29,29,29,29,29,50,200,252
3065,45,45,45,45,45,50,200,70
3066,13,13,13,13,13,110,70,114
3067,24,24,77,78,24,50,200,252
3068,57,57,57,57,57,50,70,252
3069,43,43,43,43,43,200,112,114
3070,4,4,4,4,4,50,70,70
3071,31,31,31,31,31,50,200,252
3072,31,31,7,31,31,50,200,70
3073,24,24,77,24,70,50,200,252
3074,28,28,72,72,28,50,200,252
3075,57,57,57,57,57,50,200,114
3076,8,8,8,8,8,50,70,114
3077,52,52,52,52,52,50,112,114
3078,0,0,0,0,0,50,200,70
3079,11,11,11,11,11,50,112,70
3080,32,32,32,32,32,50,200,70
3081,26,67,67,67,14,50,200,70
3082,28,28,27,28,31,50,200,70
3083,26,56,25,25,56,50,200,252
3084,32,32,32,32,32,50,200,70
3085,52,52,52,52,52,50,112,114
3086,31,31,31,31,81,50,200,252
3087,31,31,7,27,31,50,200,70
3088,57,57,57,57,57,50,169,114
3089,5,5,5,5,5,50,70,70
3090,4,4,4,4,4,50,70,70
3091,31,31,31,31,31,50,200,70
3092,5,5,5,5,5,50,200,114
3093,7,7,79,67,7,50,200,70
3094,0,0,0,0,0,112,70,114
3095,27,27,27,72,28,50,200,70
3096,1,1,1,1,1,50,112,114
3097,29,29,29,29,29,50,200,252
3098,29,26,26,29,26,50,200,252
3099,30,7,26,29,26,50,200,252
3100,30,30,30,30,30,50,112,114
3101,6,6,6,6,6,50,70,70
3102,31,31,31,31,31,50,200,70
3103,29,29,29,29,29,50,200,252
3104,31,31,49,12,53,50,200,252
3105,3,3,3,3,3,50,70,114
3106,7,7,7,7,7,112,112,114
3107,43,43,43,43,43,112,112,114
3108,9,9,9,9,9,50,200,252
3109,4,45,45,4,68,50,70,70
3110,2,69,2,69,2,50,112,114
3111,0,0,0,0,0,112,70,114
3112,12,12,12,12,12,50,112,114
3113,30,30,30,30,30,50,112,252
3114,43,43,43,43,43,50,112,114
3115,52,52,52,52,52,50,112,114
3116,2,2,2,2,2,50,112,114
3117,57,57,57,57,57,50,169,252
3118,43,43,43,43,43,37,200,252
3119,24,24,67,67,24,37,200,252
3120,29,29,29,29,29,50,200,252
3121,24,24,77,24,53,50,200,252
3122,0,0,0,0,0,50,70,70
3123,26,26,26,26,7,50,200,70
3124,27,27,27,27,27,50,200,70
3125,25,25,67,25,25,50,200,252
3126,12,12,12,12,12,112,70,114
3127,11,11,11,11,11,50,200,70
3128,29,29,29,29,29,50,200,114
3129,46,46,46,46,46,50,70,114
3130,31,7,31,7,7,50,200,70
3131,25,25,25,25,25,50,200,252
3132,7,7,79,11,7,50,200,70
3133,30,30,30,32,32,50,112,252
3134,47,47,47,47,47,112,112,114
3135,27,27,27,72,27,50,200,252
3136,31,27,7,27,31,50,200,70
3137,43,43,43,43,43,50,112,114
3138,32,32,32,32,32,50,200,70
3139,26,25,25,25,53,50,200,252
3140,9,9,9,9,9,50,70,114
3141,28,27,27,31,31,50,200,70
3142,5,5,5,5,5,50,70,70
3143,30,30,30,30,30,50,112,114
3144,27,27,27,47,27,50,200,252
3145,32,32,32,32,32,50,200,252
3146,5,5,5,5,3,50,200,114
3147,31,31,31,31,31,50,200,252
3148,19,19,19,19,19,50,112,70
3149,14,14,14,14,14,112,70,114
3150,48,48,48,48,48,50,200,252
3151,5,5,5,5,5,50,70,70
3152,46,46,46,46,46,50,70,114
3153,28,28,31,28,31,50,200,252
3154,8,8,8,8,8,112,200,252
3155,11,11,11,11,11,50,200,114
3156,43,43,43,43,43,50,112,114
3157,48,48,48,48,48,50,200,252
3158,12,12,12,12,12,50,112,114
3159,19,19,19,19,19,50,112,114
3160,32,32,32,32,32,50,200,70
3161,26,26,77,29,26,50,200,70
3162,30,30,30,30,30,50,200,114
3163,45,45,45,45,45,50,200,70
3164,7,7,79,67,79,50,200,70
3165,28,27,27,27,27,50,200,70
3166,43,43,43,43,43,50,200,252
3167,28,27,27,27,31,50,200,70
3168,27,27,27,27,27,50,200,70
3169,48,48,38,48,48,50,200,70
3170,5,5,5,5,5,50,112,114
3171,52,52,52,52,52,50,112,114
3172,12,12,12,12,12,50,112,252
3173,49,49,49,49,49,50,70,70
3174,12,12,12,12,12,50,112,114
3175,35,35,35,35,35,112,200,252
3176,7,7,48,32,7,50,200,70
3177,16,16,16,16,16,112,70,252
3178,25,25,25,25,25,50,200,252
3179,3,3,3,3,3,50,112,114
3180,58,58,58,58,58,50,70,252
3181,45,45,45,45,45,50,200,70
3182,4,4,4,4,4,50,70,70
3183,49,49,49,49,49,50,70,252
3184,29,29,29,29,29,50,200,252
3185,11,11,11,11,11,50,112,114
3186,26,56,26,26,53,50,200,252
3187,19,19,19,19,19,50,70,114
3188,46,46,46,46,46,50,70,252
3189,45,45,45,45,45,50,200,70
3190,9,9,9,9,9,50,70,252
3191,26,26,26,26,26,50,200,252
3192,3,3,3,3,3,50,200,252
3193,58,58,58,58,58,50,70,252
3194,13,13,13,70,70,50,200,252
3195,29,29,29,29,29,50,200,252
3196,43,43,43,43,43,50,200,252
3197,8,8,8,8,8,50,112,114
3198,32,32,32,32,32,50,200,70
3199,49,49,49,49,49,50,70,252
3200,27,27,27,27,27,50,200,70
3201,0,0,0,0,0,50,70,70
3202,46,46,46,46,46,37,200,114
3203,1,1,1,1,1,50,200,252
3204,48,48,48,48,48,50,200,252
3205,28,27,27,72,28,50,200,252
3206,4,4,4,4,45,112,70,70
3207,4,4,4,4,4,50,70,70
3208,27,27,27,47,31,50,200,70
3209,12,12,12,12,12,50,112,114
3210,24,67,77,67,67,50,200,252
3211,24,24,24,24,24,50,200,252
3212,29,29,29,29,29,50,200,252
3213,14,14,14,14,14,50,200,114
3214,49,49,49,49,49,50,70,70
3215,13,13,27,47,7,50,200,70
3216,25,25,25,25,25,50,200,252
3217,8,8,8,8,8,50,200,114
3218,50,50,50,24,50,50,70,114
3219,9,9,9,9,9,50,200,114
3220,47,69,47,47,47,50,70,114
3221,9,9,9,9,9,50,70,70
3222,24,24,77,10,24,50,200,70
3223,1,1,1,1,1,50,112,114
3224,45,45,45,71,45,50,200,70
3225,13,13,13,13,13,112,70,114
3226,16,16,16,16,16,112,70,114
3227,47,47,47,47,47,50,200,114
3228,3,3,3,3,3,50,112,70
3229,28,12,72,72,12,50,200,252
3230,19,19,19,19,19,112,112,114
3231,47,69,47,47,47,50,70,70
3232,57,57,57,57,57,112,200,252
3233,10,47,13,10,10,110,70,114
3234,14,14,14,14,14,112,70,114
3235,31,31,31,31,31,50,200,252
3236,16,16,32,70,16,50,200,70
3237,16,16,16,16,16,50,70,70
3238,16,34,49,68,71,50,70,70
3239,3,3,3,3,3,50,145,252
3240,25,25,25,25,25,50,200,252
3241,0,0,0,0,0,50,200,70
3242,35,35,35,35,35,50,70,114
3243,2,2,2,47,2,50,112,114
3244,9,9,9,9,9,50,70,252
3245,6,6,6,6,6,112,70,114
3246,50,35,50,50,50,50,70,114
3247,19,19,19,19,19,50,112,114
3248,29,29,29,29,29,50,200,252
3249,45,45,45,45,45,50,200,70
3250,57,57,57,57,57,50,200,114
3251,48,48,38,48,48,50,70,70
3252,10,16,71,16,10,50,200,70
3253,27,27,27,27,27,50,200,70
3254,14,14,14,14,14,50,200,114
3255,31,29,29,29,29,50,200,252
3256,14,14,14,14,14,50,200,252
3257,32,29,29,29,29,50,200,252
3258,10,10,71,13,10,50,200,70
3259,2,2,2,47,2,50,200,114
3260,11,11,11,11,11,50,112,114
3261,14,14,14,14,14,50,200,252
3262,29,26,26,29,26,50,200,252
3263,52,52,52,52,52,50,112,252
3264,12,12,12,12,12,50,112,70
3265,10,78,67,76,10,50,200,70
3266,26,26,26,29,26,50,200,252
3267,35,35,52,35,35,112,70,114
3268,52,52,52,52,52,50,200,114
3269,16,16,16,16,16,50,70,114
3270,29,25,25,25,25,50,200,252
3271,31,31,31,77,12,50,200,70
3272,48,48,48,7,48,50,200,70
3273,25,56,25,25,25,50,200,252
3274,31,31,31,31,31,50,70,70
3275,25,53,30,57,44,50,70,70
3276,48,48,48,48,48,50,200,252
3277,11,11,11,11,11,50,200,252
3278,31,27,31,31,31,50,200,252
3279,5,5,5,5,5,50,200,114
3280,5,5,5,5,5,50,70,70
3281,25,25,25,25,25,50,200,252
3282,25,25,25,25,53,50,200,252
3283,11,11,11,11,11,50,112,70
3284,29,29,29,29,29,50,200,252
3285,45,45,45,45,45,50,200,70
3286,31,31,31,31,31,50,200,70
3287,31,31,31,28,31,50,200,70
3288,25,25,25,25,53,50,200,252
3289,29,29,29,29,29,50,200,252
3290,48,48,38,48,48,50,70,70
3291,25,53,35,35,29,50,200,70
3292,5,5,5,5,5,50,70,114
3293,29,29,29,29,29,50,200,252
3294,45,45,45,45,45,50,200,70
